id,y
10441,45.6654
10442,65.7799
10443,172.508
10444,123.952
10445,6.74813
10446,54.744
10447,277.331
10448,9.14072
10449,41.3676
10450,22.434
10451,14.4628
10452,115.04
10453,285.363
10454,22.7942
10455,80.326
10456,14.1927
10457,31.6995
10458,552.774
10459,20.5749
10460,844.126
10461,26.7019
10462,23.3862
10463,78.5642
10464,669.611
10465,55.2621
10466,1093.2
10467,69.7253
10468,79.9088
10469,17.5661
10470,362.446
10471,45.961
10472,22.2915
10473,18.427
10474,67.1891
10475,53.6918
10476,67.2104
10477,67.9006
10478,731.573
10479,354.997
10480,65.2486
10481,40.6097
10482,33.9174
10483,54.2667
10484,320.609
10485,64.6728
10486,64.3228
10487,247.73
10488,29.1617
10489,143.964
10490,79.4132
10491,562.848
10492,89.4248
10493,56.1245
10494,53.1147
10495,235.015
10496,403.595
10497,62.4574
10498,16.8981
10499,9.14072
10500,71.7064
10501,1173.19
10502,76.4884
10503,34.6115
10504,10.9677
10505,88.3115
10506,49.3797
10507,125.496
10508,15.3357
10509,67.4638
10510,49.3809
10511,34.1222
10512,115.479
10513,37.0727
10514,102.57
10515,64.4163
10516,99.7939
10517,69.9403
10518,51.9694
10519,37.2644
10520,99.8394
10521,38.8592
10522,22.3327
10523,548.364
10524,24.1503
10525,117.03
10526,15.267
10527,9.24823
10528,56.8426
10529,19.053
10530,9.14072
10531,11.6164
10532,716.845
10533,52.0031
10534,55.346
10535,37.4116
10536,44.4877
10537,103.55
10538,255.012
10539,85.947
10540,14.702
10541,48.3367
10542,1138.05
10543,50.3895
10544,341.586
10545,28.6044
10546,45.4532
10547,2408.66
10548,26.3209
10549,61.9562
10550,30.1092
10551,83.1562
10552,628.444
10553,42.1566
10554,61.4789
10555,1703.78
10556,745.106
10557,26.1405
10558,54.0744
10559,40.6797
10560,11.3143
10561,14.882
10562,42.4726
10563,660.457
10564,19.3869
10565,25.9428
10566,1112.9
10567,22.7704
10568,26.5822
10569,103.887
10570,791.565
10571,2102.15
10572,23.156
10573,233.669
10574,942.226
10575,234.715
10576,422.538
10577,108.511
10578,35.1109
10579,32.414
10580,14.7476
10581,73.5888
10582,9.14072
10583,1236.18
10584,20.0854
10585,345.491
10586,21.63
10587,1751.69
10588,9.14072
10589,36.3623
10590,144.501
10591,45.5788
10592,12.6104
10593,28.437
10594,744.68
10595,1467.24
10596,364.621
10597,310.305
10598,24.0293
10599,525.586
10600,771.441
10601,24.0375
10602,16.697
10603,249.266
10604,346.062
10605,448.578
10606,326.559
10607,144.906
10608,239.242
10609,139.546
10610,56.3634
10611,113.64
10612,45.528
10613,7.29057
10614,27.3675
10615,771.953
10616,9.14072
10617,27.9178
10618,59.8689
10619,96.527
10620,101.077
10621,102.309
10622,822.7
10623,33.443
10624,22.2954
10625,657.336
10626,25.4376
10627,20.9009
10628,677.756
10629,250.714
10630,1242.13
10631,43.6743
10632,9.14072
10633,27.864
10634,48.2093
10635,1764.27
10636,9.14072
10637,70.6428
10638,53.782
10639,21.1468
10640,13.5252
10641,169.116
10642,58.9836
10643,76.2553
10644,34.4754
10645,55.1529
10646,274.127
10647,30.8717
10648,770.844
10649,118.673
10650,10.4086
10651,359.746
10652,138.459
10653,48.0986
10654,13.5061
10655,58.7819
10656,39.5581
10657,79.1231
10658,156.655
10659,175.35
10660,47.7754
10661,103.364
10662,73.3057
10663,94.2225
10664,9.14072
10665,9.14072
10666,21.6844
10667,84.9334
10668,137.096
10669,70.4741
10670,14.4507
10671,9.14072
10672,30.0395
10673,785.086
10674,172.883
10675,463.991
10676,68.5229
10677,49.1624
10678,82.7097
10679,49.0788
10680,88.424
10681,36.0363
10682,35.9074
10683,1293.1
10684,238.362
10685,451.313
10686,479.024
10687,71.3497
10688,485.237
10689,65.6664
10690,69.1538
10691,755.796
10692,27.7347
10693,26.705
10694,1224.38
10695,175.839
10696,60.892
10697,9.14072
10698,219.068
10699,41.6991
10700,53.5724
10701,18.762
10702,350.193
10703,59.3668
10704,388.125
10705,9.14072
10706,8.02082
10707,225.869
10708,9.14072
10709,40.3942
10710,127.762
10711,517.422
10712,9.14072
10713,878.7
10714,673.89
10715,667.8
10716,158.994
10717,13.0372
10718,51.2603
10719,1898.12
10720,134.855
10721,80.1165
10722,765.272
10723,18.5919
10724,76.5143
10725,263.516
10726,670.383
10727,118.876
10728,184.495
10729,85.6633
10730,39.9839
10731,18.6546
10732,486.03
10733,19.4474
10734,571.937
10735,236.547
10736,36.208
10737,76.9306
10738,97.4424
10739,51.2365
10740,452.073
10741,59.3469
10742,31.4505
10743,139.615
10744,444.536
10745,45.5557
10746,74.1207
10747,30.631
10748,157.494
10749,18.1328
10750,65.931
10751,62.983
10752,756.99
10753,961.227
10754,206.443
10755,49.733
10756,68.7772
10757,51.6486
10758,91.412
10759,260.47
10760,52.9765
10761,35.2918
10762,93.0814
10763,30.4703
10764,149.041
10765,88.872
10766,132.91
10767,1172.81
10768,13.1494
10769,235.263
10770,72.1909
10771,1448.18
10772,52.8104
10773,57.5868
10774,89.8428
10775,588.457
10776,11.693
10777,120.616
10778,67.7276
10779,740.476
10780,1478.32
10781,89.2296
10782,31.1605
10783,80.3093
10784,34.8194
10785,51.7576
10786,14.6277
10787,161.183
10788,58.7828
10789,71.4646
10790,24.7757
10791,87.8506
10792,13.0549
10793,973.061
10794,52.8351
10795,63.5303
10796,17.3653
10797,35.3953
10798,3609.8
10799,890.147
10800,123.994
10801,366.231
10802,47.516
10803,30.821
10804,462.055
10805,580.545
10806,102.624
10807,9.14072
10808,94.0069
10809,222.583
10810,397.989
10811,903.653
10812,173.458
10813,27.4551
10814,23.6563
10815,44.5767
10816,33.3986
10817,105.312
10818,27.0365
10819,137.657
10820,871.275
10821,1398.05
10822,77.9089
10823,99.1175
10824,354.36
10825,66.0648
10826,699.174
10827,647.837
10828,156.297
10829,26.8582
10830,928.703
10831,13.448
10832,420.977
10833,522.754
10834,12.3848
10835,176.04
10836,484.837
10837,1250.43
10838,36.3143
10839,56.7932
10840,15.1836
10841,52.0924
10842,45.495
10843,28.3745
10844,31.4287
10845,20.9748
10846,12.9951
10847,804.418
10848,433.59
10849,79.9966
10850,55.3428
10851,75.1945
10852,63.4055
10853,16.0424
10854,6.54651
10855,468.899
10856,3523.9
10857,113.379
10858,28.4315
10859,8.48157
10860,85.6186
10861,91.657
10862,407.47
10863,897.337
10864,408.626
10865,642.175
10866,1927.87
10867,889.426
10868,417.702
10869,29.7723
10870,122.768
10871,3278.79
10872,323.731
10873,403.614
10874,22.6213
10875,400.983
10876,93.0373
10877,877.577
10878,34.2571
10879,42.9561
10880,13.0214
10881,67.5933
10882,171.192
10883,61.1483
10884,11.6535
10885,243.359
10886,82.4849
10887,136.133
10888,273.145
10889,52.1847
10890,15.7079
10891,525.194
10892,45.9594
10893,93.3967
10894,2408.6
10895,223.525
10896,46.336
10897,375.242
10898,17.0433
10899,158.056
10900,9.14072
10901,10.0862
10902,82.7848
10903,303.046
10904,81.5272
10905,404.847
10906,85.1665
10907,73.1205
10908,121.78
10909,28.8217
10910,127.305
10911,159.327
10912,75.2261
10913,612.925
10914,115.736
10915,19.8286
10916,11.9455
10917,48.4718
10918,8.506
10919,20.6391
10920,310.124
10921,9.14072
10922,63.3873
10923,63.1221
10924,44.9461
10925,96.5371
10926,444.395
10927,85.1115
10928,780.793
10929,217.948
10930,143.424
10931,11.1447
10932,33.1371
10933,47.4836
10934,30.4697
10935,39.8959
10936,40.0639
10937,59.1789
10938,97.6085
10939,18.0186
10940,47.1182
10941,69.2438
10942,6.0117
10943,26.7119
10944,26.9194
10945,45.2532
10946,125.924
10947,53.1397
10948,52.5689
10949,549.379
10950,52.0061
10951,272.702
10952,40.4139
10953,20.4703
10954,35.7008
10955,19.4438
10956,82.9783
10957,13.2768
10958,341.636
10959,68.606
10960,42.4354
10961,111.557
10962,583.207
10963,134.283
10964,869.977
10965,613.959
10966,1342.74
10967,43.4018
10968,83.1853
10969,130.684
10970,20.2745
10971,72.1868
10972,78.242
10973,1287.55
10974,71.2694
10975,59.7173
10976,326.115
10977,59.7885
10978,108.889
10979,26.2668
10980,388.931
10981,24.8657
10982,12.7746
10983,74.2808
10984,9.14072
10985,36.0998
10986,9.14072
10987,25.589
10988,22.4538
10989,40.976
10990,84.1432
10991,265.782
10992,285.223
10993,161.932
10994,98.5749
10995,47.0611
10996,34.3808
10997,57.8733
10998,15.0428
10999,14.2603
11000,512.535
11001,425.972
11002,247.163
11003,151.302
11004,128.096
11005,33.2392
11006,38.704
11007,68.6261
11008,42.021
11009,65.4365
11010,51.4904
11011,19.0522
11012,43.843
11013,87.3067
11014,40.5958
11015,201.983
11016,12.743
11017,64.3947
11018,806.96
11019,57.1192
11020,141.525
11021,109.395
11022,96.7412
11023,1009.06
11024,266.03
11025,40.3916
11026,22.9891
11027,255.998
11028,10.7313
11029,51.2032
11030,143.092
11031,128.237
11032,81.7782
11033,1424.48
11034,86.1284
11035,16.113
11036,1560.3
11037,49.8398
11038,58.2872
11039,879.903
11040,18.6016
11041,306.477
11042,43.8566
11043,76.9272
11044,293.903
11045,47.1222
11046,32.6421
11047,11.6675
11048,49.2043
11049,272.582
11050,16.6981
11051,76.0582
11052,78.518
11053,235.798
11054,33.5333
11055,32.213
11056,18.1962
11057,36.2337
11058,37.6747
11059,132.633
11060,60.2637
11061,106.841
11062,51.3725
11063,66.5681
11064,105.049
11065,845.361
11066,83.276
11067,116.291
11068,1318.97
11069,145.558
11070,133.117
11071,43.9014
11072,641.967
11073,2308.63
11074,300.031
11075,72.6526
11076,40.5351
11077,85.1215
11078,2131.04
11079,151.675
11080,28.7735
11081,603.997
11082,9.14072
11083,7.47981
11084,49.0324
11085,9.14072
11086,139.917
11087,51.1365
11088,28.1327
11089,31.173
11090,11.703
11091,116.348
11092,1136.76
11093,15.4439
11094,28.6476
11095,36.4378
11096,364.979
11097,176.12
11098,44.9273
11099,33.5866
11100,64.3476
11101,308.058
11102,23.8823
11103,60.2077
11104,46.3311
11105,181.168
11106,47.0605
11107,16.0152
11108,47.2441
11109,13.9479
11110,182.423
11111,48.1517
11112,34.2779
11113,86.1736
11114,84.4042
11115,146.509
11116,51.5138
11117,16.948
11118,35.9464
11119,59.078
11120,329.806
11121,36.8639
11122,254.07
11123,15.8756
11124,237.644
11125,22.1608
11126,53.3395
11127,20.544
11128,62.7434
11129,116.913
11130,14.2384
11131,55.7499
11132,17.5731
11133,42.7158
11134,84.3775
11135,14.4903
11136,38.0793
11137,25.9998
11138,59.4679
11139,25.5349
11140,484.737
11141,50.7949
11142,53.3024
11143,15.2289
11144,40.9215
11145,679.595
11146,396.436
11147,81.5629
11148,52.65
11149,50.8812
11150,56.6754
11151,9.14072
11152,9.14072
11153,73.8364
11154,666.262
11155,59.8066
11156,1733.61
11157,500.812
11158,193.844
11159,101.366
11160,122.023
11161,50.8322
11162,23.4908
11163,159.826
11164,380.748
11165,966.526
11166,124.627
11167,87.1283
11168,352.745
11169,1646.28
11170,195.547
11171,252.158
11172,5.87849
11173,80.7399
11174,83.3115
11175,9.14072
11176,407.495
11177,1032.49
11178,9.59501
11179,174.544
11180,460.256
11181,747.374
11182,91.4748
11183,29.5222
11184,31.9959
11185,50.1504
11186,142.467
11187,28.1609
11188,50.5169
11189,25.4084
11190,88.9177
11191,67.8182
11192,102.178
11193,73.9935
11194,111.097
11195,108.76
11196,115.341
11197,521.408
11198,33.1759
11199,2062.59
11200,13.6703
11201,29.22
11202,28.7032
11203,77.6414
11204,28.4628
11205,59.1335
11206,14.9432
11207,9.14072
11208,9.14072
11209,62.725
11210,1692.23
11211,136.91
11212,15.9899
11213,130.66
11214,209.898
11215,1236.88
11216,268.057
11217,59.4649
11218,32.0039
11219,72.1289
11220,22.8488
11221,86.0955
11222,2048.35
11223,31.6898
11224,57.6221
11225,37.6433
11226,384.749
11227,69.1079
11228,60.9396
11229,51.0427
11230,28.1781
11231,73.226
11232,96.4152
11233,674.578
11234,13.1976
11235,225.121
11236,510.555
11237,40.4192
11238,563.483
11239,69.6417
11240,62.2462
11241,9.14072
11242,62.348
11243,26.062
11244,342.339
11245,93.9187
11246,36.6608
11247,9.14072
11248,16.8891
11249,13.5652
11250,72.5419
11251,63.6433
11252,118.322
11253,415.731
11254,65.6689
11255,1576.55
11256,261.956
11257,175.799
11258,541.952
11259,12.6478
11260,485.501
11261,173.114
11262,154.032
11263,98.2319
11264,74.103
11265,1150.08
11266,485.435
11267,43.5499
11268,66.3812
11269,59.3997
11270,57.5894
11271,34.3291
11272,20.1281
11273,29.8097
11274,42.5592
11275,23.4026
11276,27.0644
11277,58.6103
11278,27.0046
11279,692.234
11280,74.6647
11281,62.3391
11282,11.5542
11283,1575.98
11284,64.9284
11285,44.7824
11286,74.0591
11287,77.2786
11288,1281.68
11289,10.7923
11290,264.962
11291,254.032
11292,28.2481
11293,46.7423
11294,108.783
11295,72.5575
11296,79.8407
11297,260.175
11298,884.95
11299,352.218
11300,123.786
11301,47.5764
11302,39.0841
11303,227.436
11304,10.9834
11305,841.4
11306,181.02
11307,71.4055
11308,92.3303
11309,61.0978
11310,742.618
11311,80.005
11312,43.7001
11313,108.211
11314,80.2283
11315,75.3896
11316,339.708
11317,339.075
11318,35.4395
11319,11.0198
11320,22.2882
11321,1011.5
11322,20.0036
11323,282.482
11324,75.5139
11325,188.33
11326,96.5099
11327,16.29
11328,47.3445
11329,2869.15
11330,354.757
11331,1471.53
11332,47.9299
11333,212.605
11334,1305.37
11335,62.6999
11336,209.4
11337,16.4171
11338,12.2605
11339,71.0589
11340,340.129
11341,35.8638
11342,28.1919
11343,67.2165
11344,490.272
11345,330.158
11346,245.865
11347,54.5957
11348,72.8216
11349,25.1789
11350,68.2436
11351,54.4947
11352,483.272
11353,8.28171
11354,55.726
11355,56.4954
11356,20.4148
11357,12.9262
11358,305.284
11359,301.486
11360,565.791
11361,85.3019
11362,19.1735
11363,60.5021
11364,362.023
11365,557.631
11366,9.14072
11367,16.8072
11368,72.2411
11369,52.1633
11370,148.822
11371,18.5865
11372,57.681
11373,60.0931
11374,9.14072
11375,164.991
11376,1214.54
11377,40.1874
11378,89.7462
11379,283.718
11380,249.953
11381,63.1342
11382,711.128
11383,105.5
11384,13.6448
11385,868.141
11386,87.3374
11387,227.03
11388,128.913
11389,650.707
11390,91.2757
11391,24.1727
11392,72.9
11393,64.1192
11394,15.9196
11395,254.872
11396,91.9491
11397,45.8385
11398,118.384
11399,1817.37
11400,59.1663
11401,541.528
11402,162.415
11403,71.3578
11404,54.2115
11405,25.9413
11406,33.4077
11407,630.72
11408,383.147
11409,11.4315
11410,9.14072
11411,47.2036
11412,9.14072
11413,67.6552
11414,23.1813
11415,272.98
11416,13.2753
11417,158.298
11418,22.5533
11419,129.116
11420,84.4679
11421,19.6923
11422,22.764
11423,63.6624
11424,6.4177
11425,124.303
11426,23.7564
11427,171.718
11428,47.7859
11429,532.61
11430,19.7901
11431,51.5392
11432,365.739
11433,66.0991
11434,141.472
11435,76.3719
11436,200.013
11437,1457.92
11438,83.7256
11439,64.3429
11440,10.6761
11441,26.1596
11442,22.0283
11443,691.305
11444,16.5498
11445,817.749
11446,9.14072
11447,60.7168
11448,43.8226
11449,46.1176
11450,9.14072
11451,34.2708
11452,32.1238
11453,69.8164
11454,87.4165
11455,92.4559
11456,38.4045
11457,67.0668
11458,60.0667
11459,211.925
11460,82.2131
11461,144.956
11462,463.85
11463,49.0514
11464,12.4271
11465,27.1068
11466,94.8953
11467,9.14072
11468,15.1462
11469,12.5038
11470,20.1276
11471,117.621
11472,70.085
11473,41.9431
11474,192.722
11475,17.2324
11476,14.0699
11477,1274.27
11478,75.1603
11479,637.794
11480,176.092
11481,292.612
11482,61.1862
11483,223.155
11484,890.003
11485,37.6154
11486,496.738
11487,9.14072
11488,125.66
11489,56.5193
11490,793.936
11491,44.4802
11492,33.5307
11493,91.3841
11494,43.4203
11495,61.4594
11496,1845.73
11497,16.0592
11498,588.603
11499,72.6
11500,83.2659
11501,62.5341
11502,35.5305
11503,140.645
11504,71.128
11505,28.2057
11506,998.212
11507,54.7691
11508,64.5023
11509,9.14072
11510,594.555
11511,21.124
11512,23.7973
11513,480.635
11514,41.8574
11515,9.14072
11516,296.433
11517,64.4423
11518,66.6931
11519,152.962
11520,70.8977
11521,9.14072
11522,672.551
11523,44.4434
11524,30.8596
11525,9.70777
11526,99.6003
11527,627.987
11528,8.48273
11529,63.1689
11530,78.9194
11531,13.5529
11532,90.5431
11533,485.427
11534,9.14072
11535,317.124
11536,111.844
11537,2029.58
11538,85.0085
11539,105.694
11540,199.197
11541,498.567
11542,15.3784
11543,83.6213
11544,86.3926
11545,47.8039
11546,478.54
11547,554.897
11548,24.5854
11549,12.2572
11550,21.4629
11551,51.8145
11552,29.3909
11553,9.61349
11554,8.46495
11555,24.4075
11556,34.8408
11557,49.9627
11558,70.4905
11559,355.617
11560,41.2075
11561,167.427
11562,23.8146
11563,61.4056
11564,70.3189
11565,34.1333
11566,10.9365
11567,47.6459
11568,545.722
11569,9.14072
11570,177.102
11571,363.613
11572,76.3317
11573,12.6473
11574,60.5907
11575,15.5009
11576,353.329
11577,608.964
11578,1157.06
11579,78.3679
11580,199.456
11581,531.067
11582,28.8848
11583,313.959
11584,23.7357
11585,37.1244
11586,24.2163
11587,26.1655
11588,230.729
11589,398.062
11590,908.932
11591,12.4431
11592,17.9045
11593,9.14072
11594,35.1751
11595,24.381
11596,71.7053
11597,108.429
11598,78.9868
11599,190.263
11600,403.225
11601,307.743
11602,267.6
11603,71.0065
11604,57.2252
11605,224.732
11606,23.8693
11607,86.6137
11608,41.4791
11609,93.3447
11610,816.776
11611,2087.94
11612,16.6392
11613,88.2285
11614,33.7897
11615,280.641
11616,109.077
11617,14.495
11618,809.667
11619,70.4333
11620,533.023
11621,46.3372
11622,329.268
11623,124.096
11624,51.1305
11625,1182.07
11626,21.5023
11627,38.3843
11628,12.3907
11629,64.9088
11630,54.4526
11631,25.434
11632,22.8111
11633,9.14072
11634,122.813
11635,24.7574
11636,52.8892
11637,606.427
11638,34.0269
11639,25.6148
11640,76.784
11641,10.9057
11642,49.1103
11643,150.993
11644,421.717
11645,9.14072
11646,76.7562
11647,249.543
11648,1824.57
11649,158.767
11650,719.011
11651,24.3053
11652,37.828
11653,62.5067
11654,9.14072
11655,38.3817
11656,57.4975
11657,15.721
11658,9.4492
11659,251.782
11660,35.2833
11661,61.4445
11662,64.2767
11663,60.6753
11664,41.8404
11665,107.726
11666,74.586
11667,140.849
11668,62.7832
11669,73.4967
11670,43.1742
11671,79.7707
11672,1644.04
11673,29.4848
11674,994.626
11675,1021.16
11676,43.5088
11677,28.0955
11678,57.5418
11679,33.4142
11680,288.494
11681,90.9238
11682,68.0249
11683,43.3392
11684,57.099
11685,331.625
11686,37.2314
11687,36.5724
11688,35.0766
11689,12.6437
11690,519.643
11691,19.1957
11692,49.5674
11693,6.43313
11694,104.317
11695,1615.52
11696,8.49104
11697,32.7061
11698,144.922
11699,233.428
11700,68.7632
11701,63.4323
11702,214.929
11703,230.181
11704,44.76
11705,988.196
11706,525.665
11707,9.14072
11708,72.1888
11709,935.963
11710,54.1866
11711,545.639
11712,370.441
11713,2703.54
11714,6.58778
11715,15.0432
11716,287.442
11717,14.6957
11718,54.599
11719,51.0437
11720,2184.01
11721,113.176
11722,659.414
11723,142.135
11724,174.569
11725,773.112
11726,140.372
11727,107.759
11728,1091.32
11729,109.071
11730,66.9289
11731,41.5543
11732,178.268
11733,247.806
11734,82.249
11735,100.275
11736,9.14072
11737,9.14072
11738,38.5875
11739,74.3828
11740,45.672
11741,137.639
11742,44.4963
11743,660.647
11744,20.2899
11745,78.1311
11746,48.8925
11747,15.6637
11748,285.721
11749,9.14072
11750,32.7367
11751,73.6051
11752,1715.8
11753,28.5876
11754,57.0139
11755,82.7006
11756,220.268
11757,65.9645
11758,21.8755
11759,262.889
11760,68.321
11761,370.949
11762,26.5894
11763,87.8619
11764,69.6461
11765,39.2926
11766,45.7077
11767,10.2461
11768,14.9409
11769,77.8148
11770,9.14072
11771,37.1223
11772,96.9178
11773,98.4199
11774,40.8138
11775,69.5938
11776,809.16
11777,240.447
11778,499.189
11779,645.211
11780,71.3104
11781,6.00277
11782,98.3492
11783,68.1719
11784,65.867
11785,119.19
11786,116.463
11787,975.191
11788,33.2069
11789,181.186
11790,196.824
11791,49.8485
11792,21.6182
11793,68.1136
11794,40.4798
11795,23.6367
11796,48.1302
11797,328.342
11798,113.209
11799,50.4434
11800,60.7217
11801,15.0788
11802,26.5586
11803,96.3586
11804,175.773
11805,578.563
11806,491.779
11807,328.417
11808,11.4711
11809,229.77
11810,36.0859
11811,96.7308
11812,539.718
11813,32.7842
11814,31.9247
11815,46.0023
11816,135.858
11817,13.146
11818,67.0642
11819,34.1075
11820,71.2112
11821,9.14072
11822,185.639
11823,310.333
11824,196.718
11825,59.253
11826,48.8753
11827,45.7465
11828,428.714
11829,312.609
11830,27.2337
11831,97.9155
11832,224.812
11833,31.0238
11834,117.112
11835,84.9123
11836,46.152
11837,283.489
11838,90.8152
11839,72.9565
11840,550.216
11841,647.313
11842,16.3616
11843,869.155
11844,32.6588
11845,96.285
11846,203.346
11847,108.853
11848,107.105
11849,26.9784
11850,9.20894
11851,3932.99
11852,45.5905
11853,57.4701
11854,89.0234
11855,199.874
11856,53.017
11857,49.9647
11858,96.7286
11859,355.488
11860,479.878
11861,753.442
11862,212.733
11863,97.5766
11864,68.7316
11865,289.004
11866,51.0455
11867,23.7889
11868,521.725
11869,23.6865
11870,152.781
11871,31.5543
11872,44.6379
11873,50.9739
11874,11.3266
11875,179.185
11876,110.581
11877,2673.89
11878,2706.55
11879,746.36
11880,304.759
11881,18.4773
11882,8.4408
11883,123.088
11884,112.283
11885,54.7254
11886,46.8369
11887,216.479
11888,65.4048
11889,47.0546
11890,173.122
11891,1436.05
11892,78.7917
11893,63.3331
11894,26.6772
11895,19.9038
11896,386.402
11897,34.1402
11898,1215.63
11899,13.3526
11900,587.266
11901,17.2695
11902,266.314
11903,504.637
11904,13.7288
11905,952.981
11906,103.46
11907,13.4262
11908,843.541
11909,294.427
11910,583.922
11911,293.884
11912,40.2092
11913,7.53793
11914,52.7187
11915,13.1181
11916,453.668
11917,24.5153
11918,1291.29
11919,7.47382
11920,35.9958
11921,57.9811
11922,148.872
11923,12.9686
11924,13.5946
11925,762.343
11926,50.4458
11927,202.385
11928,9.14072
11929,70.8676
11930,57.6381
11931,67.3689
11932,339.842
11933,28.6592
11934,102.724
11935,31.3882
11936,2178.35
11937,923.656
11938,24.2484
11939,12.3647
11940,511.036
11941,190.513
11942,148.164
11943,136.885
11944,44.5902
11945,1271.43
11946,126.948
11947,22.8461
11948,124.674
11949,328.446
11950,233.799
11951,43.4878
11952,15.9889
11953,67.3319
11954,72.7553
11955,651.39
11956,175.151
11957,36.2044
11958,1362.8
11959,535.353
11960,3159.9
11961,105.313
11962,71.0129
11963,57.7939
11964,11.5253
11965,25.2044
11966,61.3183
11967,192.413
11968,92.4376
11969,97.3326
11970,161.241
11971,62.7625
11972,55.2545
11973,59.4531
11974,86.1987
11975,65.2467
11976,235.699
11977,83.206
11978,53.0647
11979,94.8243
11980,26.4046
11981,31.8152
11982,13.9353
11983,184.126
11984,21.2024
11985,41.3838
11986,226.398
11987,42.4694
11988,18.0227
11989,540.36
11990,217.839
11991,672.489
11992,53.6114
11993,64.3623
11994,98.6804
11995,195.969
11996,45.1666
11997,39.5462
11998,112.929
11999,3410.45
12000,662.507
12001,2356.83
12002,72.1825
12003,608.303
12004,53.327
12005,102.897
12006,42.9521
12007,73.1649
12008,40.3993
12009,494.37
12010,238.235
12011,72.7182
12012,60.8268
12013,88.6881
12014,92.5629
12015,34.4237
12016,146.701
12017,377.317
12018,73.9201
12019,117.172
12020,53.8133
12021,111.876
12022,35.7089
12023,18.1455
12024,74.2963
12025,82.6067
12026,49.2463
12027,61.6027
12028,42.7854
12029,9.14072
12030,467.072
12031,73.2423
12032,142.185
12033,163.306
12034,1748.55
12035,185.632
12036,34.3822
12037,49.0529
12038,27.2947
12039,18.2805
12040,633.504
12041,210.37
12042,27.7189
12043,69.3236
12044,42.694
12045,62.1388
12046,1017.23
12047,17.3572
12048,81.1263
12049,42.34
12050,81.2112
12051,1234.95
12052,1552.7
12053,37.6365
12054,79.2648
12055,316.285
12056,33.9528
12057,100.495
12058,55.8977
12059,16.1336
12060,50.9398
12061,91.6404
12062,57.2016
12063,24.5516
12064,26.1382
12065,2143.74
12066,64.7233
12067,60.5448
12068,113.872
12069,71.675
12070,59.1329
12071,94.1606
12072,36.4745
12073,30.4982
12074,9.14072
12075,9.14072
12076,225.81
12077,448.109
12078,530.12
12079,32.0555
12080,119.575
12081,70.1253
12082,113.931
12083,56.06
12084,78.1939
12085,40.93
12086,765.948
12087,32.2088
12088,2169.73
12089,36.9452
12090,618.5
12091,166.414
12092,1866.41
12093,800.676
12094,46.2067
12095,117.452
12096,9.14072
12097,69.7386
12098,171.393
12099,55.3453
12100,1341.34
12101,21.2158
12102,444.85
12103,30.0495
12104,379.493
12105,53.8666
12106,145.11
12107,80.5747
12108,45.1145
12109,698.68
12110,236.894
12111,73.4864
12112,80.9475
12113,33.187
12114,55.9195
12115,350.178
12116,31.924
12117,67.9957
12118,63.6717
12119,43.9769
12120,40.0869
12121,332.993
12122,21.8673
12123,222.571
12124,99.8106
12125,97.9185
12126,350.198
12127,9.14072
12128,199.734
12129,13.4572
12130,17.2273
12131,62.0049
12132,9.14072
12133,25.1139
12134,45.0762
12135,53.458
12136,489.392
12137,624.537
12138,13.2854
12139,107.577
12140,73.9969
12141,854.036
12142,377.552
12143,81.163
12144,41.8056
12145,9.14072
12146,138.866
12147,493.822
12148,110.779
12149,98.7735
12150,826.199
12151,60.0487
12152,97.7446
12153,85.3233
12154,540.102
12155,364.591
12156,43.4629
12157,70.1185
12158,11.854
12159,44.155
12160,1069.81
12161,826.373
12162,299.903
12163,21.1818
12164,13.7755
12165,94.4646
12166,43.0581
12167,29.526
12168,149.158
12169,22.9337
12170,9.14072
12171,249.982
12172,26.81
12173,141.179
12174,13.6171
12175,9.14072
12176,2358.99
12177,83.0403
12178,209.526
12179,65.5833
12180,54.3112
12181,507.669
12182,86.3449
12183,68.95
12184,13.3226
12185,1061.13
12186,39.242
12187,53.4192
12188,68.2414
12189,45.0402
12190,12.8119
12191,153.976
12192,32.0976
12193,79.5057
12194,81.3874
12195,21.4341
12196,53.9592
12197,66.9978
12198,29.2589
12199,25.5441
12200,372.108
12201,354.997
12202,105.049
12203,36.5449
12204,109.074
12205,100.582
12206,167.811
12207,143.391
12208,57.82
12209,16.911
12210,36.0695
12211,49.8045
12212,1577.77
12213,40.2874
12214,63.2091
12215,113.734
12216,9.14072
12217,52.153
12218,145.334
12219,78.1829
12220,15.6564
12221,66.3359
12222,120.337
12223,5.43757
12224,26.6259
12225,62.0911
12226,378.207
12227,14.3379
12228,9.14072
12229,14.7242
12230,11.0243
12231,46.6974
12232,241.699
12233,18.5598
12234,218.269
12235,2952.54
12236,94.1636
12237,230.041
12238,94.4784
12239,126.839
12240,49.0337
12241,60.6728
12242,31.5446
12243,238.57
12244,27.0891
12245,78.6329
12246,55.7725
12247,8.76416
12248,841.734
12249,27.0657
12250,34.8755
12251,429.379
12252,45.455
12253,94.5363
12254,197.538
12255,84.7001
12256,1838.87
12257,2544.31
12258,160.638
12259,70.6176
12260,2791.12
12261,459.822
12262,588.284
12263,132.11
12264,1129.21
12265,695.532
12266,25.344
12267,21.7857
12268,116.126
12269,201.044
12270,111.771
12271,35.3429
12272,10.8812
12273,20.4756
12274,45.4464
12275,857.589
12276,28.6126
12277,9.14072
12278,528.82
12279,62.9535
12280,44.6913
12281,539.35
12282,439.755
12283,45.6167
12284,352.182
12285,94.6906
12286,15.3261
12287,522.312
12288,49.6776
12289,46.4473
12290,48.7362
12291,3774.46
12292,59.6014
12293,59.9226
12294,28.4231
12295,784.985
12296,7.83275
12297,64.2166
12298,38.662
12299,601.93
12300,55.1653
12301,18.9517
12302,104.499
12303,68.5284
12304,86.1758
12305,245.673
12306,260.2
12307,59.5642
12308,37.1517
12309,38.347
12310,12.3195
12311,268.658
12312,157.116
12313,30.9116
12314,143.41
12315,41.7061
12316,395.241
12317,9.14072
12318,7.33787
12319,1157.55
12320,1926.9
12321,19.6168
12322,150.832
12323,17.2408
12324,203.325
12325,184.103
12326,45.5134
12327,31.0702
12328,55.8593
12329,14.4837
12330,353.348
12331,637.52
12332,9.14072
12333,12.2826
12334,98.8192
12335,170.26
12336,44.1956
12337,114.43
12338,63.8945
12339,43.2619
12340,509.028
12341,38.2765
12342,47.7323
12343,14.9656
12344,75.8686
12345,9.14072
12346,201.219
12347,759.702
12348,54.9332
12349,359.592
12350,42.1374
12351,135.066
12352,27.4054
12353,52.6605
12354,112.925
12355,957.539
12356,70.3061
12357,148.073
12358,1225.71
12359,126.322
12360,86.4564
12361,446.202
12362,82.7287
12363,216.726
12364,65.3715
12365,171.814
12366,15.5697
12367,92.3187
12368,57.0155
12369,1025.57
12370,497.315
12371,23.8438
12372,32.1409
12373,271.334
12374,73.7994
12375,188.726
12376,45.139
12377,9.14072
12378,91.8093
12379,612.927
12380,352.282
12381,268.156
12382,47.4622
12383,13.3663
12384,836.485
12385,39.436
12386,90.9054
12387,69.2465
12388,88.539
12389,70.1001
12390,144.389
12391,22.9186
12392,3991.94
12393,31.3488
12394,2126.27
12395,42.2834
12396,15.8304
12397,29.7002
12398,87.8781
12399,746.996
12400,445.38
12401,53.0083
12402,25.648
12403,9.14072
12404,39.7034
12405,499.205
12406,8.37959
12407,17.0475
12408,65.7899
12409,344.063
12410,50.9223
12411,99.5905
12412,68.3404
12413,10.0763
12414,319.029
12415,23.5234
12416,809.823
12417,9.14072
12418,69.8368
12419,13.3854
12420,58.2505
12421,83.0223
12422,389.224
12423,30.2803
12424,121.821
12425,29.6864
12426,363.906
12427,9.14072
12428,486.66
12429,29.4179
12430,132.967
12431,233.834
12432,34.6793
12433,119.863
12434,60.9008
12435,408.821
12436,56.3122
12437,24.1168
12438,80.5265
12439,734.292
12440,31.8212
12441,11.8373
12442,81.3741
12443,23.2474
12444,46.4346
12445,160.611
12446,1947.63
12447,44.0946
12448,71.2509
12449,203.387
12450,158.926
12451,52.8349
12452,279.687
12453,161.122
12454,88.6842
12455,12.336
12456,199.929
12457,206.795
12458,30.1233
12459,22.2177
12460,71.9843
12461,21.2524
12462,38.6558
12463,345.614
12464,651.936
12465,52.7299
12466,47.1986
12467,175.224
12468,9.14072
12469,123.323
12470,194.751
12471,426.401
12472,629.142
12473,20.1576
12474,978.161
12475,62.2453
12476,636.216
12477,16.1654
12478,19.0396
12479,37.1148
12480,39.3855
12481,16.1577
12482,83.5136
12483,59.0577
12484,70.3801
12485,74.7877
12486,159.917
12487,22.3369
12488,33.1176
12489,235.086
12490,560.999
12491,15.5547
12492,45.2811
12493,76.4007
12494,98.9271
12495,799.434
12496,69.2066
12497,22.096
12498,322.243
12499,40.4058
12500,24.439
12501,499.199
12502,367.296
12503,168.086
12504,266.502
12505,1280.71
12506,44.2519
12507,1308.71
12508,46.8215
12509,110.228
12510,128.23
12511,427.486
12512,680.587
12513,21.6743
12514,34.4762
12515,452.378
12516,776.744
12517,296.004
12518,16.4515
12519,2881.39
12520,83.8039
12521,637.623
12522,33.5932
12523,266.254
12524,26.4714
12525,12.3639
12526,3136.81
12527,110.532
12528,77.0941
12529,12.9524
12530,35.674
12531,177.884
12532,481.051
12533,36.7189
12534,126.616
12535,87.18
12536,101.945
12537,419.613
12538,57.0872
12539,74.6966
12540,80.6094
12541,54.1053
12542,20.8123
12543,179.684
12544,78.6572
12545,22.1548
12546,10.7971
12547,84.2535
12548,12.4443
12549,9.14072
12550,632.013
12551,371.05
12552,31.8184
12553,128.208
12554,27.9964
12555,43.5563
12556,39.8335
12557,45.5995
12558,343.09
12559,349.924
12560,31.9712
12561,222.609
12562,26.7466
12563,19.6666
12564,9.14072
12565,14.176
12566,424.813
12567,22.2752
12568,2263.21
12569,58.1533
12570,61.4765
12571,32.7474
12572,266.252
12573,38.6637
12574,58.5118
12575,14.4993
12576,497.133
12577,75.8567
12578,59.9029
12579,64.5761
12580,18.1823
12581,91.8815
12582,116.271
12583,34.9856
12584,72.5323
12585,48.0774
12586,68.0627
12587,41.1719
12588,97.4949
12589,28.145
12590,68.3317
12591,37.9132
12592,296.957
12593,399.815
12594,639.282
12595,1234.2
12596,105.594
12597,166.155
12598,72.7725
12599,34.8557
12600,692.337
12601,52.9706
12602,8.03696
12603,27.7512
12604,58.4554
12605,503.028
12606,113.168
12607,1507.48
12608,17.8166
12609,25.2293
12610,17.0341
12611,9.14072
12612,59.1229
12613,1837.26
12614,13.8934
12615,261.894
12616,7.93522
12617,70.9724
12618,845.101
12619,33.1507
12620,36.0169
12621,28.8986
12622,83.1591
12623,86.672
12624,183.97
12625,51.1684
12626,14.0829
12627,244.253
12628,83.1792
12629,299.867
12630,524.768
12631,111.747
12632,58.455
12633,9.14072
12634,79.0772
12635,44.7556
12636,61.5822
12637,128.544
12638,2498.69
12639,77.7629
12640,99.5881
12641,89.6114
12642,247.962
12643,23.7826
12644,148.085
12645,27.6616
12646,28.2207
12647,22.8992
12648,59.8328
12649,28.0264
12650,57.5835
12651,3512.26
12652,10.2109
12653,108.874
12654,221.384
12655,72.3844
12656,2208.95
12657,21.362
12658,22.5477
12659,59.3395
12660,9.14072
12661,299.962
12662,67.9336
12663,63.0117
12664,100.027
12665,237.075
12666,7.62918
12667,52.7252
12668,20.2487
12669,92.1262
12670,85.4712
12671,68.2381
12672,573.314
12673,13.3794
12674,505.812
12675,32.9529
12676,222.844
12677,85.8453
12678,95.155
12679,63.4248
12680,528.097
12681,57.5438
12682,40.3709
12683,9.14072
12684,831.545
12685,34.2077
12686,29.1033
12687,28.7833
12688,44.2246
12689,49.6851
12690,30.0723
12691,23.6919
12692,2092.5
12693,67.4221
12694,807.821
12695,68.6339
12696,52.001
12697,68.3109
12698,97.0594
12699,14.8471
12700,93.544
12701,114.496
12702,14.9206
12703,365.915
12704,15.5063
12705,137.233
12706,341.858
12707,318.132
12708,29.5081
12709,10.6991
12710,58.2532
12711,99.1851
12712,35.0169
12713,220.974
12714,125.778
12715,703.617
12716,15.9356
12717,1431.4
12718,143.441
12719,32.5191
12720,639.586
12721,38.1563
12722,93.5631
12723,51.2205
12724,92.6125
12725,10.9633
12726,413.936
12727,33.8045
12728,9.14072
12729,955.09
12730,683.88
12731,38.8412
12732,54.1331
12733,10.3611
12734,16.3435
12735,164.126
12736,574.719
12737,9.14072
12738,78.3289
12739,12.8681
12740,18.6253
12741,101.147
12742,22.9156
12743,74.6088
12744,138.538
12745,90.4894
12746,15.9264
12747,111.606
12748,268.922
12749,19.9458
12750,20.8197
12751,236.574
12752,14.8767
12753,22.7347
12754,2245.55
12755,41.1114
12756,2201.92
12757,693.474
12758,26.2124
12759,316.933
12760,252.313
12761,139.384
12762,87.6468
12763,78.0253
12764,45.3361
12765,97.9774
12766,1241.52
12767,26.377
12768,22.0435
12769,117.65
12770,971.262
12771,19.6956
12772,19.1394
12773,506.11
12774,65.3662
12775,22.8951
12776,56.0806
12777,300.277
12778,87.0364
12779,99.9109
12780,47.824
12781,17.1144
12782,28.4951
12783,1199.81
12784,85.5288
12785,20.0341
12786,235.894
12787,576.571
12788,22.296
12789,613.361
12790,170.281
12791,19.7246
12792,853.872
12793,39.8805
12794,17.8521
12795,42.2854
12796,21.5316
12797,19.2813
12798,92.6754
12799,16.5785
12800,593.582
12801,408.947
12802,903.247
12803,21.6177
12804,14.5928
12805,30.871
12806,243.291
12807,166.671
12808,68.007
12809,34.2576
12810,20.672
12811,23.7798
12812,80.3582
12813,56.2558
12814,22.7041
12815,297.433
12816,245.734
12817,103.803
12818,247.601
12819,105.94
12820,16.8269
12821,960.157
12822,832.315
12823,82.4192
12824,492.931
12825,517.651
12826,80.2871
12827,57.0583
12828,378.989
12829,305.197
12830,13.4853
12831,12.1839
12832,59.4999
12833,64.2019
12834,37.5796
12835,73.3598
12836,64.578
12837,9.42521
12838,18.3428
12839,74.5924
12840,155.524
12841,268.341
12842,289.18
12843,920.146
12844,38.9178
12845,226.891
12846,183.369
12847,23.1205
12848,84.4552
12849,50.6402
12850,27.5001
12851,87.7102
12852,50.0888
12853,262.483
12854,625.526
12855,104.912
12856,81.019
12857,462.31
12858,391.39
12859,279.221
12860,53.8851
12861,17.2451
12862,7.37553
12863,610.345
12864,20.3789
12865,2194.5
12866,15.4882
12867,66.3055
12868,320.648
12869,27.8984
12870,148.354
12871,9.14072
12872,142.452
12873,30.6029
12874,144.188
12875,50.8514
12876,102.261
12877,134.758
12878,255.416
12879,205.105
12880,107.229
12881,15.6833
12882,1488.42
12883,137.776
12884,39.6343
12885,401.149
12886,221.875
12887,731.724
12888,22.3031
12889,47.3987
12890,18.5022
12891,35.8325
12892,25.0316
12893,7.54176
12894,15.3351
12895,96.0161
12896,12.7979
12897,19.0444
12898,13.6373
12899,68.9877
12900,65.957
12901,697.006
12902,11.8472
12903,9.14072
12904,56.3473
12905,200.3
12906,50.6674
12907,210.542
12908,172.054
12909,9.14072
12910,41.0934
12911,300.295
12912,107.24
12913,398.033
12914,50.3177
12915,140.021
12916,18.0882
12917,107.434
12918,61.0384
12919,9.14072
12920,27.0565
12921,283.386
12922,21.2446
12923,75.9909
12924,134.214
12925,83.7219
12926,152.723
12927,1605.91
12928,107.05
12929,58.9856
12930,620.906
12931,1166.21
12932,9.14072
12933,6.37986
12934,27.2381
12935,394.952
12936,53.598
12937,29.0291
12938,20.9173
12939,157.622
12940,97.7339
12941,9.14072
12942,32.1915
12943,524.565
12944,823.483
12945,28.0289
12946,12.503
12947,27.6468
12948,43.2038
12949,13.12
12950,71.7776
12951,2529.84
12952,88.275
12953,65.5661
12954,27.3031
12955,23.4933
12956,633.747
12957,480.707
12958,7.26051
12959,183.816
12960,77.814
12961,170.746
12962,95.8113
12963,51.7447
12964,60.763
12965,97.2477
12966,86.6098
12967,1518.28
12968,54.7782
12969,16.3671
12970,225.722
12971,118.606
12972,28.1982
12973,856.233
12974,63.4543
12975,184.02
12976,14.9843
12977,29.7248
12978,103.77
12979,58.5813
12980,32.4305
12981,197.063
12982,37.0602
12983,11.8371
12984,292.159
12985,221.842
12986,83.2008
12987,205.631
12988,249.28
12989,37.7719
12990,74.5498
12991,91.3006
12992,734.838
12993,13.2818
12994,77.7984
12995,370.56
12996,12.4442
12997,89.2191
12998,628.651
12999,71.1124
13000,326.178
13001,63.0526
13002,43.456
13003,77.5474
13004,37.378
13005,21.6515
13006,99.8698
13007,208.794
13008,15.6884
13009,35.4131
13010,189.438
13011,25.6049
13012,27.9868
13013,89.5332
13014,23.6283
13015,17.2763
13016,46.0894
13017,55.607
13018,112.92
13019,18.0076
13020,87.6331
13021,131.837
13022,8.19887
13023,77.2609
13024,63.644
13025,887.085
13026,47.2088
13027,178.788
13028,64.7632
13029,127.933
13030,91.5025
13031,80.7189
13032,78.8029
13033,149.577
13034,41.7738
13035,88.1094
13036,59.301
13037,478.947
13038,14.8655
13039,111.817
13040,117.82
13041,159.75
13042,17.9936
13043,8.67424
13044,34.1252
13045,54.4918
13046,13.5422
13047,78.6179
13048,344.543
13049,396.32
13050,906.504
13051,242.263
13052,33.0219
13053,14.9428
13054,68.1147
13055,1728.39
13056,199.256
13057,9.14072
13058,39.7017
13059,67.2712
13060,1255.66
13061,186.175
13062,1046.31
13063,154.865
13064,165.066
13065,237.132
13066,93.0392
13067,9.14072
13068,28.0181
13069,85.5261
13070,90.1121
13071,25.6013
13072,1023.43
13073,2590.11
13074,255.969
13075,9.63019
13076,111.707
13077,176.256
13078,31.6114
13079,110.914
13080,47.0568
13081,9.37761
13082,44.0216
13083,366.586
13084,151.05
13085,27.5156
13086,27.6847
13087,215.379
13088,142.788
13089,131.787
13090,524.397
13091,18.6656
13092,53.6105
13093,35.6801
13094,2417.1
13095,188.837
13096,306.132
13097,93.5615
13098,67.8611
13099,42.6911
13100,77.5047
13101,38.1588
13102,287.499
13103,848.304
13104,106.015
13105,371.13
13106,42.6435
13107,90.7792
13108,35.652
13109,48.1142
13110,119.738
13111,207.114
13112,17.1494
13113,538.361
13114,9.14072
13115,87.9968
13116,31.6254
13117,574.009
13118,105.308
13119,62.8189
13120,57.1395
13121,513.597
13122,322.441
13123,14.6684
13124,63.7347
13125,131.072
13126,657.261
13127,79.264
13128,48.5633
13129,561.955
13130,1821.08
13131,14.4779
13132,18.6899
13133,268.182
13134,61.3716
13135,10.5041
13136,31.1054
13137,9.14072
13138,871.039
13139,47.5218
13140,44.3922
13141,3112.01
13142,9.14072
13143,34.9701
13144,216.921
13145,39.3453
13146,168.698
13147,49.6535
13148,20.5217
13149,549.466
13150,97.6067
13151,38.5258
13152,34.0974
13153,70.6364
13154,2460.73
13155,155.687
13156,106.854
13157,12.5302
13158,9.14072
13159,121.921
13160,134.549
13161,56.8067
13162,48.4787
13163,103.888
13164,127.715
13165,67.6994
13166,66.0655
13167,69.1149
13168,81.912
13169,557.879
13170,12.8605
13171,23.741
13172,308.863
13173,18.2865
13174,152.004
13175,34.6277
13176,1171.49
13177,57.7586
13178,521.39
13179,544.452
13180,58.3475
13181,124.202
13182,241.158
13183,86.9973
13184,594.622
13185,92.6756
13186,63.73
13187,402.622
13188,354.175
13189,478.9
13190,62.0186
13191,209.135
13192,94.7559
13193,9.14072
13194,305.119
13195,123.779
13196,48.3502
13197,55.1905
13198,80.9743
13199,38.7291
13200,23.7438
13201,120.487
13202,18.9864
13203,10.9952
13204,114.988
13205,1223.87
13206,33.4898
13207,47.1768
13208,55.2897
13209,53.3611
13210,9.14072
13211,203.223
13212,48.0366
13213,56.2873
13214,102.542
13215,57.0406
13216,30.2891
13217,55.9437
13218,93.06
13219,11.6455
13220,94.6653
13221,104.286
13222,8.52858
13223,289.615
13224,28.9017
13225,69.5843
13226,72.3809
13227,81.3475
13228,96.9443
13229,9.14072
13230,27.0597
13231,29.8432
13232,110.286
13233,15.1352
13234,26.1356
13235,26.7057
13236,55.9432
13237,277.073
13238,166.414
13239,136.969
13240,14.3556
13241,36.1248
13242,190.847
13243,80.3779
13244,9.14072
13245,83.6116
13246,127.111
13247,73.6814
13248,81.1683
13249,45.5731
13250,49.9997
13251,88.5406
13252,103.101
13253,279.254
13254,20.4915
13255,1384.29
13256,577.137
13257,106.664
13258,87.3159
13259,93.9721
13260,504.68
13261,200.645
13262,49.6601
13263,459.682
13264,33.1
13265,197.979
13266,61.3808
13267,24.6941
13268,3978.65
13269,21.9427
13270,28.1379
13271,22.8469
13272,67.8305
13273,18.2666
13274,57.5647
13275,114.145
13276,9.14072
13277,85.8444
13278,15.1543
13279,1000.76
13280,66.6858
13281,183.75
13282,61.0789
13283,81.0581
13284,9.14072
13285,213.907
13286,603.501
13287,17.2534
13288,9.14072
13289,40.9909
13290,899.176
13291,28.5312
13292,119.344
13293,60.6893
13294,13.8327
13295,416.152
13296,81.417
13297,194.972
13298,18.2202
13299,193.304
13300,107.864
13301,18.3764
13302,43.0932
13303,49.36
13304,39.2529
13305,240.64
13306,112.777
13307,21.2717
13308,1105.32
13309,1400.83
13310,52.405
13311,47.3943
13312,896.386
13313,58.1369
13314,398.793
13315,782.332
13316,985.984
13317,1053.1
13318,340.44
13319,35.3514
13320,14.5806
13321,190.324
13322,140.428
13323,181.117
13324,2707.67
13325,119.382
13326,97.3136
13327,272.997
13328,179.436
13329,271.195
13330,87.128
13331,285.144
13332,555.867
13333,17.0626
13334,40.5428
13335,146.487
13336,31.2913
13337,199.569
13338,37.9346
13339,6.53923
13340,19.0847
13341,631.127
13342,15.9643
13343,46.5956
13344,16.3578
13345,37.3721
13346,1517.87
13347,18.1141
13348,7.64185
13349,20.1428
13350,1115.95
13351,266.156
13352,232.19
13353,17.1884
13354,25.1622
13355,388.896
13356,319.55
13357,255.495
13358,69.2004
13359,24.9278
13360,1046.49
13361,931.694
13362,24.3965
13363,82.5645
13364,71.9365
13365,34.9567
13366,12.8785
13367,26.6437
13368,30.695
13369,66.9005
13370,44.1149
13371,43.6411
13372,275.416
13373,35.4014
13374,78.003
13375,166.336
13376,146.897
13377,26.0365
13378,33.365
13379,9.14072
13380,42.8104
13381,65.2674
13382,24.6465
13383,36.5809
13384,204.976
13385,1550.36
13386,811.4
13387,314.131
13388,607.689
13389,88.5237
13390,41.8932
13391,168.38
13392,108.239
13393,108.683
13394,45.516
13395,31.8566
13396,30.0533
13397,74.9582
13398,65.6449
13399,49.6297
13400,120.406
13401,16.3731
13402,773.542
13403,2424.55
13404,451.297
13405,169.236
13406,135.041
13407,62.8168
13408,465.622
13409,21.1566
13410,65.053
13411,12.1563
13412,110.176
13413,32.7159
13414,2479.35
13415,76.5006
13416,625.061
13417,340.071
13418,17.1263
13419,101.264
13420,52.8241
13421,9.14072
13422,763.048
13423,242.145
13424,575.292
13425,11.5604
13426,1205.09
13427,13.6198
13428,212.427
13429,329.858
13430,14.3624
13431,62.7852
13432,194.686
13433,1811.02
13434,69.9589
13435,441.777
13436,9.14072
13437,54.0618
13438,61.7005
13439,564.762
13440,52.1
13441,101.781
13442,96.569
13443,32.4941
13444,47.5571
13445,24.5198
13446,38.1487
13447,19.0696
13448,88.2875
13449,400.672
13450,82.1224
13451,79.5252
13452,72.8802
13453,276.407
13454,1050.34
13455,246.575
13456,46.2587
13457,23.6591
13458,19.9643
13459,56.7185
13460,189.127
13461,95.9705
13462,87.9399
13463,3165.99
13464,48.9956
13465,332.714
13466,24.2234
13467,58.7268
13468,13.2457
13469,253.355
13470,49.1584
13471,40.9963
13472,241.211
13473,1658.94
13474,310.247
13475,93.8603
13476,26.9091
13477,32.2807
13478,51.2107
13479,341.853
13480,348.872
13481,68.5815
13482,348.925
13483,13.787
13484,61.4292
13485,53.054
13486,46.3025
13487,379.989
13488,64.7701
13489,152.225
13490,116.42
13491,19.0287
13492,51.5223
13493,45.2227
13494,89.2128
13495,26.7426
13496,650.277
13497,49.845
13498,47.3875
13499,76.8831
13500,31.3105
13501,106.69
13502,9.14072
13503,125.691
13504,227.375
13505,102.169
13506,510.573
13507,43.2975
13508,64.11
13509,9.14072
13510,44.946
13511,44.3646
13512,1731.1
13513,431.685
13514,46.6077
13515,31.0145
13516,71.5723
13517,123.754
13518,193.199
13519,9.14072
13520,1416.87
13521,22.6096
13522,98.0364
13523,2388.57
13524,61.2793
13525,638.903
13526,47.0492
13527,430.036
13528,51.8752
13529,109.365
13530,311.983
13531,111.313
13532,114.294
13533,18.0965
13534,93.2988
13535,256.273
13536,14.3942
13537,1479.77
13538,105.552
13539,13.5127
13540,423.652
13541,12.3122
13542,16.7018
13543,39.4874
13544,111.51
13545,9.14072
13546,438.895
13547,83.5025
13548,91.257
13549,403.315
13550,43.9414
13551,480.059
13552,259.308
13553,396.124
13554,604.798
13555,370.045
13556,9.14072
13557,31.528
13558,180.33
13559,560.879
13560,306.976
13561,39.7718
13562,88.2068
13563,14.5203
13564,419.669
13565,229.735
13566,41.2489
13567,68.7922
13568,396.827
13569,304.239
13570,8.05903
13571,88.3329
13572,15.1476
13573,713.907
13574,39.7209
13575,164.063
13576,44.4733
13577,635.414
13578,539.071
13579,33.8178
13580,152.417
13581,47.7915
13582,43.841
13583,201.235
13584,52.6085
13585,53.3789
13586,13.12
13587,12.9145
13588,22.8461
13589,294.942
13590,330.709
13591,531.901
13592,1086.14
13593,66.5672
13594,540.811
13595,100.168
13596,143.413
13597,81.1995
13598,114.075
13599,247.352
13600,62.6692
13601,309.328
13602,679.207
13603,36.0375
13604,13.1829
13605,253.431
13606,717.146
13607,7.01701
13608,76.769
13609,181.415
13610,20.9423
13611,9.14072
13612,40.6166
13613,56.3271
13614,34.5164
13615,122.56
13616,10.4934
13617,9.14072
13618,261.553
13619,826.713
13620,81.1104
13621,33.0238
13622,2029.73
13623,424.954
13624,559.693
13625,118.565
13626,23.1981
13627,283.795
13628,462.42
13629,188.037
13630,58.6556
13631,28.8809
13632,54.0407
13633,117.045
13634,250.821
13635,25.4674
13636,84.0217
13637,482.273
13638,172.676
13639,183.999
13640,18.9183
13641,38.6264
13642,48.6171
13643,59.1837
13644,992.648
13645,92.3395
13646,236.764
13647,893.13
13648,76.8902
13649,34.0792
13650,15.142
13651,573.207
13652,81.761
13653,72.2087
13654,68.1428
13655,46.249
13656,62.7719
13657,9.14072
13658,92.7017
13659,79.6155
13660,20.7378
13661,38.2837
13662,18.2413
13663,120.752
13664,80.9832
13665,18.7851
13666,9.14072
13667,76.9694
13668,59.292
13669,127.666
13670,8.95221
13671,114.87
13672,24.7243
13673,51.4613
13674,162.294
13675,11.9897
13676,65.0391
13677,351.674
13678,9.14072
13679,158.296
13680,33.9154
13681,978.966
13682,92.4746
13683,74.588
13684,47.1223
13685,31.927
13686,486.618
13687,11.877
13688,37.6061
13689,649.78
13690,62.56
13691,70.4894
13692,650.615
13693,27.8234
13694,157.349
13695,13.6896
13696,38.6806
13697,359.1
13698,784.04
13699,14.6034
13700,1417.04
13701,163.653
13702,26.9831
13703,331.88
13704,339.671
13705,290.904
13706,188.674
13707,20.9633
13708,59.682
13709,806.512
13710,313.763
13711,36.2099
13712,64.756
13713,43.7071
13714,1615.25
13715,3334.37
13716,124.897
13717,67.7102
13718,102.15
13719,58.9989
13720,134.359
13721,9.45633
13722,9.17045
13723,144.676
13724,80.9915
13725,543.866
13726,26.3933
13727,30.5356
13728,98.5144
13729,75.9289
13730,333.0
13731,704.74
13732,296.875
13733,177.658
13734,57.2484
13735,17.3663
13736,35.0008
13737,206.04
13738,360.536
13739,9.14072
13740,50.8702
13741,55.7467
13742,15.9263
13743,42.6596
13744,73.8826
13745,23.013
13746,201.468
13747,73.6138
13748,54.2751
13749,15.4578
13750,456.293
13751,228.059
13752,111.594
13753,82.5836
13754,339.658
13755,78.6059
13756,68.2492
13757,87.5555
13758,108.237
13759,184.477
13760,11.6475
13761,142.986
13762,52.9732
13763,58.8272
13764,27.7581
13765,2514.36
13766,59.5338
13767,25.1637
13768,74.3088
13769,1085.62
13770,240.278
13771,40.2841
13772,91.1824
13773,321.121
13774,644.576
13775,425.413
13776,41.6458
13777,1140.77
13778,31.4555
13779,34.6099
13780,68.2907
13781,594.899
13782,23.8458
13783,1363.93
13784,79.6304
13785,34.8745
13786,61.2952
13787,72.3286
13788,12.8704
13789,15.9504
13790,111.408
13791,424.497
13792,68.8362
13793,87.3257
13794,291.656
13795,41.7375
13796,108.356
13797,60.856
13798,701.661
13799,74.6435
13800,9.14072
13801,55.2442
13802,59.2036
13803,38.3353
13804,80.8325
13805,251.711
13806,34.1984
13807,25.1338
13808,111.787
13809,44.6891
13810,20.4107
13811,69.3837
13812,38.9181
13813,486.827
13814,9.98549
13815,38.2165
13816,69.6249
13817,79.8359
13818,13.8728
13819,127.946
13820,131.563
13821,93.2827
13822,15.7669
13823,57.5792
13824,251.867
13825,90.3846
13826,12.1963
13827,64.0055
13828,262.57
13829,39.2744
13830,40.4085
13831,221.612
13832,631.871
13833,294.249
13834,55.8875
13835,156.282
13836,424.03
13837,67.0474
13838,9.14072
13839,9.14072
13840,25.2306
13841,24.0562
13842,13.1482
13843,479.102
13844,19.088
13845,258.097
13846,33.166
13847,133.434
13848,73.964
13849,62.0532
13850,148.522
13851,50.0878
13852,746.307
13853,121.685
13854,539.638
13855,37.6735
13856,57.1697
13857,69.5131
13858,63.9685
13859,54.5821
13860,770.008
13861,17.3622
13862,23.4941
13863,83.1564
13864,1221.33
13865,11.9313
13866,26.6644
13867,9.14072
13868,1446.94
13869,30.238
13870,28.0098
13871,737.853
13872,117.121
13873,18.1232
13874,55.8176
13875,44.1116
13876,72.5897
13877,72.4013
13878,17.494
13879,65.2447
13880,73.7588
13881,55.8967
13882,354.329
13883,8.50994
13884,9.14072
13885,593.621
13886,1259.83
13887,71.3395
13888,57.0705
13889,14.1669
13890,9.72893
13891,107.926
13892,341.729
13893,30.4921
13894,36.669
13895,315.155
13896,91.0953
13897,314.247
13898,172.009
13899,19.659
13900,19.7501
13901,60.8345
13902,51.6596
13903,879.145
13904,37.0294
13905,47.3073
13906,166.903
13907,620.611
13908,80.179
13909,11.3902
13910,92.6058
13911,87.2358
13912,293.982
13913,234.313
13914,54.5808
13915,9.14072
13916,31.0032
13917,13.3276
13918,170.754
13919,269.949
13920,21.1077
13921,164.119
13922,867.027
13923,75.1044
13924,489.479
13925,224.446
13926,47.742
13927,27.6897
13928,20.5164
13929,9.14072
13930,842.889
13931,109.975
13932,42.7698
13933,494.799
13934,452.843
13935,38.9349
13936,1635.41
13937,102.231
13938,22.9422
13939,48.4335
13940,184.847
13941,50.234
13942,240.258
13943,71.2532
13944,32.8616
13945,16.3992
13946,45.0545
13947,50.4251
13948,45.6488
13949,35.8004
13950,84.0247
13951,25.7397
13952,591.91
13953,357.617
13954,46.3279
13955,24.4336
13956,31.1949
13957,162.032
13958,186.367
13959,16.075
13960,86.7377
13961,183.901
13962,315.599
13963,71.0627
13964,2560.63
13965,533.728
13966,99.1441
13967,39.7612
13968,56.4397
13969,62.1939
13970,18.8313
13971,26.7095
13972,676.152
13973,1411.23
13974,28.4595
13975,25.1478
13976,40.5875
13977,9.14072
13978,115.265
13979,425.175
13980,45.6024
13981,486.484
13982,54.2603
13983,169.03
13984,114.707
13985,773.754
13986,57.9821
13987,33.4426
13988,93.875
13989,57.2295
13990,90.0154
13991,793.093
13992,72.7091
13993,14.8626
13994,46.4152
13995,64.573
13996,29.38
13997,82.6309
13998,7.86531
13999,170.235
14000,518.953
14001,40.0515
14002,52.9957
14003,37.1455
14004,114.714
14005,68.5503
14006,126.097
14007,115.262
14008,26.8765
14009,762.698
14010,93.7831
14011,253.556
14012,1773.62
14013,8.37069
14014,31.9914
14015,504.875
14016,72.2828
14017,205.287
14018,116.871
14019,99.8487
14020,76.909
14021,55.0746
14022,1515.49
14023,695.865
14024,214.04
14025,9.60465
14026,40.0826
14027,217.899
14028,78.8748
14029,542.031
14030,68.3748
14031,84.6282
14032,16.5047
14033,60.0466
14034,99.4795
14035,13.2859
14036,83.5087
14037,72.4368
14038,28.714
14039,11.1681
14040,90.4378
14041,66.2286
14042,21.0336
14043,195.51
14044,30.2346
14045,12.9079
14046,331.108
14047,11.6022
14048,206.063
14049,52.0594
14050,14.7016
14051,934.991
14052,16.9035
14053,89.9979
14054,35.9731
14055,192.278
14056,453.179
14057,74.5131
14058,30.9136
14059,26.8348
14060,18.5368
14061,564.619
14062,342.159
14063,981.418
14064,14.3554
14065,27.7153
14066,1148.89
14067,64.0702
14068,32.9104
14069,16.2295
14070,45.646
14071,9.14072
14072,82.8561
14073,343.489
14074,29.5327
14075,285.812
14076,10.8588
14077,546.21
14078,37.5791
14079,32.244
14080,44.47
14081,495.207
14082,62.2402
14083,53.126
14084,6.41854
14085,563.476
14086,530.852
14087,11.5872
14088,99.1513
14089,666.976
14090,66.8075
14091,36.0032
14092,49.2141
14093,9.14072
14094,67.9673
14095,32.5808
14096,121.056
14097,80.4723
14098,38.5491
14099,48.0486
14100,792.41
14101,24.113
14102,44.1011
14103,26.6481
14104,12.3162
14105,52.0601
14106,272.733
14107,141.157
14108,230.128
14109,307.289
14110,72.1609
14111,98.6822
14112,641.949
14113,45.0082
14114,615.943
14115,156.332
14116,123.288
14117,36.7878
14118,20.787
14119,10.0881
14120,409.043
14121,81.4557
14122,79.7503
14123,37.6495
14124,275.401
14125,46.6628
14126,29.6759
14127,127.055
14128,64.1855
14129,979.956
14130,10.9601
14131,58.6152
14132,56.0444
14133,31.5046
14134,1462.1
14135,49.6439
14136,12.2726
14137,73.5104
14138,18.0664
14139,41.4143
14140,138.359
14141,9.14072
14142,91.6979
14143,69.3005
14144,29.4377
14145,13.6137
14146,48.1399
14147,14.4788
14148,86.1771
14149,36.5708
14150,48.2313
14151,68.3889
14152,73.2785
14153,175.765
14154,382.542
14155,344.155
14156,38.4103
14157,128.366
14158,62.9589
14159,87.6449
14160,193.765
14161,26.3981
14162,242.519
14163,9.14072
14164,40.9653
14165,23.7489
14166,218.592
14167,73.9304
14168,89.0118
14169,33.855
14170,238.368
14171,181.246
14172,315.696
14173,22.6124
14174,475.95
14175,1008.94
14176,297.38
14177,15.5849
14178,9.14072
14179,65.4221
14180,29.4455
14181,97.8806
14182,265.673
14183,66.2097
14184,71.6744
14185,3074.87
14186,31.4804
14187,1053.81
14188,82.2828
14189,70.821
14190,16.2398
14191,68.2194
14192,25.6773
14193,79.9472
14194,19.14
14195,28.7484
14196,7.67379
14197,136.861
14198,24.0573
14199,65.4294
14200,26.7993
14201,613.312
14202,23.4207
14203,59.9465
14204,267.263
14205,26.579
14206,328.884
14207,559.489
14208,424.492
14209,19.7598
14210,381.189
14211,145.731
14212,22.1252
14213,62.6356
14214,57.8949
14215,890.64
14216,1531.71
14217,132.324
14218,22.9598
14219,142.0
14220,724.436
14221,33.8203
14222,28.4911
14223,547.709
14224,89.0004
14225,49.5073
14226,37.4922
14227,49.6467
14228,251.799
14229,43.0948
14230,144.322
14231,29.0321
14232,95.8399
14233,19.1354
14234,10.538
14235,17.092
14236,14.9946
14237,17.667
14238,81.836
14239,13.0774
14240,9.14072
14241,41.2815
14242,132.697
14243,861.457
14244,17.1288
14245,1510.01
14246,44.0302
14247,55.5769
14248,46.6907
14249,90.662
14250,806.169
14251,9.3116
14252,22.2754
14253,181.847
14254,798.217
14255,42.5023
14256,101.775
14257,375.492
14258,34.3064
14259,1389.77
14260,50.7955
14261,859.8
14262,300.209
14263,39.2878
14264,382.293
14265,947.606
14266,129.396
14267,979.061
14268,26.4958
14269,237.695
14270,114.761
14271,102.152
14272,68.6359
14273,51.104
14274,34.5419
14275,71.5343
14276,327.678
14277,43.7108
14278,757.98
14279,85.8839
14280,631.199
14281,57.1555
14282,33.6354
14283,55.8302
14284,10.835
14285,14.696
14286,346.183
14287,46.7124
14288,81.1609
14289,45.9865
14290,493.658
14291,28.5252
14292,77.7314
14293,2270.22
14294,51.106
14295,185.372
14296,55.6605
14297,103.339
14298,41.1969
14299,224.526
14300,103.951
14301,226.431
14302,385.023
14303,507.48
14304,24.807
14305,24.7447
14306,390.916
14307,28.0355
14308,431.281
14309,31.2941
14310,13.9838
14311,31.4816
14312,500.761
14313,545.436
14314,262.047
14315,18.7914
14316,22.1046
14317,165.378
14318,67.9948
14319,332.562
14320,267.564
14321,18.8691
14322,16.0578
14323,51.7627
14324,19.9214
14325,13.7108
14326,13.2417
14327,21.1574
14328,77.1937
14329,1463.58
14330,1348.24
14331,7.93409
14332,166.007
14333,197.378
14334,39.741
14335,372.717
14336,137.11
14337,65.7454
14338,39.4456
14339,83.2976
14340,70.8583
14341,316.07
14342,1017.27
14343,91.052
14344,9.14072
14345,9.14072
14346,18.2537
14347,22.634
14348,9.14072
14349,629.318
14350,117.463
14351,57.5806
14352,134.22
14353,223.301
14354,932.859
14355,66.8677
14356,42.6698
14357,706.695
14358,15.3452
14359,136.612
14360,52.5216
14361,18.1626
14362,35.5865
14363,503.262
14364,161.806
14365,91.7154
14366,21.5614
14367,74.052
14368,10.1857
14369,74.1212
14370,9.14072
14371,46.1496
14372,16.1431
14373,206.103
14374,20.4382
14375,21.2538
14376,77.7551
14377,91.6345
14378,131.981
14379,48.1502
14380,155.365
14381,103.676
14382,67.3998
14383,505.742
14384,80.8524
14385,856.839
14386,49.0924
14387,74.5086
14388,382.047
14389,36.2072
14390,90.5469
14391,107.252
14392,39.0528
14393,40.1029
14394,195.869
14395,8.58946
14396,48.2092
14397,505.473
14398,71.1636
14399,213.339
14400,76.6441
14401,476.296
14402,437.369
14403,51.1854
14404,715.127
14405,67.4651
14406,3193.95
14407,917.03
14408,88.8758
14409,53.6168
14410,26.6424
14411,43.5359
14412,315.82
14413,98.9113
14414,40.0745
14415,119.974
14416,29.2276
14417,58.7441
14418,46.2907
14419,73.6907
14420,8.39305
14421,83.8463
14422,1303.05
14423,10.3798
14424,13.2253
14425,79.9065
14426,40.4558
14427,194.205
14428,846.482
14429,55.1898
14430,36.0718
14431,79.9106
14432,55.1783
14433,225.117
14434,165.25
14435,53.7363
14436,90.165
14437,108.015
14438,19.7084
14439,54.1621
14440,758.016
14441,366.669
14442,92.4098
14443,379.128
14444,58.7799
14445,107.001
14446,124.172
14447,76.6995
14448,8.48315
14449,48.5327
14450,109.845
14451,265.156
14452,91.4893
14453,57.0111
14454,31.1085
14455,9.14072
14456,87.162
14457,13.1292
14458,45.707
14459,502.568
14460,107.045
14461,50.4006
14462,9.14072
14463,34.2639
14464,473.89
14465,13.4335
14466,19.955
14467,86.7083
14468,138.862
14469,80.6624
14470,621.201
14471,7.15395
14472,46.5523
14473,31.4782
14474,140.218
14475,9.14072
14476,67.8079
14477,200.729
14478,43.5933
14479,70.6704
14480,500.516
14481,40.8256
14482,11.0139
14483,11.8354
14484,43.9852
14485,189.034
14486,1235.22
14487,400.036
14488,1121.71
14489,44.1128
14490,24.2493
14491,19.5214
14492,65.4583
14493,1046.86
14494,9.14072
14495,61.4736
14496,80.3453
14497,137.396
14498,123.677
14499,63.7913
14500,888.542
14501,2120.45
14502,186.476
14503,36.8146
14504,35.9433
14505,271.747
14506,267.898
14507,77.3229
14508,58.9285
14509,320.969
14510,20.846
14511,41.0219
14512,868.816
14513,22.6294
14514,82.7789
14515,54.023
14516,36.3221
14517,38.437
14518,24.5236
14519,76.0582
14520,253.378
14521,2333.91
14522,374.693
14523,110.69
14524,9.14072
14525,337.236
14526,116.655
14527,75.4571
14528,36.4801
14529,20.0683
14530,25.916
14531,111.979
14532,1854.63
14533,240.155
14534,94.8671
14535,59.1616
14536,27.5893
14537,47.7324
14538,79.9576
14539,52.692
14540,24.5783
14541,106.197
14542,20.5637
14543,90.9891
14544,121.384
14545,37.5419
14546,327.893
14547,195.628
14548,62.8163
14549,321.514
14550,952.847
14551,33.5938
14552,103.25
14553,187.09
14554,282.135
14555,63.2602
14556,105.408
14557,15.3643
14558,75.2834
14559,1281.84
14560,14.8164
14561,28.5431
14562,27.1987
14563,6.56294
14564,9.14072
14565,9.14072
14566,19.8161
14567,180.395
14568,13.9985
14569,6.11139
14570,57.7196
14571,11.9606
14572,20.6954
14573,25.8827
14574,120.138
14575,59.5635
14576,29.4644
14577,60.7406
14578,231.797
14579,95.6188
14580,54.437
14581,434.419
14582,3237.93
14583,100.584
14584,9.14072
14585,63.9824
14586,553.809
14587,489.336
14588,91.2531
14589,134.048
14590,209.468
14591,37.0044
14592,254.299
14593,318.666
14594,33.734
14595,58.1788
14596,66.151
14597,27.4163
14598,24.7046
14599,115.626
14600,1010.38
14601,41.547
14602,78.7371
14603,26.8319
14604,17.2362
14605,111.747
14606,44.4919
14607,86.7436
14608,28.5627
14609,547.59
14610,799.343
14611,1115.4
14612,68.2959
14613,10.3371
14614,801.408
14615,390.155
14616,30.9724
14617,148.36
14618,38.805
14619,66.2143
14620,423.589
14621,34.8948
14622,82.2645
14623,103.266
14624,90.7187
14625,293.326
14626,1617.44
14627,140.513
14628,51.7827
14629,2730.15
14630,68.3184
14631,25.0271
14632,45.3331
14633,55.9426
14634,20.4401
14635,15.0657
14636,82.0461
14637,806.241
14638,10.1059
14639,162.816
14640,41.0191
14641,9.14072
14642,79.1334
14643,64.9554
14644,15.5388
14645,298.549
14646,251.719
14647,911.945
14648,82.375
14649,232.235
14650,62.3961
14651,481.125
14652,43.8725
14653,95.8188
14654,160.12
14655,80.4446
14656,646.569
14657,417.857
14658,211.623
14659,2723.13
14660,35.4816
14661,65.0387
14662,46.3461
14663,23.198
14664,186.313
14665,433.495
14666,11.0988
14667,29.4045
14668,62.5141
14669,13.9745
14670,63.7317
14671,84.4638
14672,179.091
14673,35.0349
14674,224.42
14675,99.543
14676,60.7155
14677,56.5769
14678,578.752
14679,16.2122
14680,390.083
14681,13.3858
14682,18.9694
14683,235.052
14684,508.495
14685,7.77627
14686,99.8455
14687,402.233
14688,11.772
14689,144.549
14690,51.0416
14691,28.7894
14692,166.498
14693,23.5714
14694,242.784
14695,404.066
14696,51.0292
14697,13.2006
14698,816.502
14699,63.5004
14700,93.1753
14701,36.9803
14702,84.417
14703,40.999
14704,308.246
14705,51.7934
14706,25.5368
14707,336.327
14708,13.105
14709,156.057
14710,273.106
14711,39.7236
14712,48.1029
14713,15.0775
14714,3269.65
14715,306.521
14716,34.4543
14717,80.0958
14718,33.4534
14719,174.195
14720,32.9688
14721,80.1301
14722,12.9042
14723,85.5551
14724,24.1165
14725,71.2717
14726,64.6874
14727,371.493
14728,12.0303
14729,19.8956
14730,1928.58
14731,609.192
14732,76.088
14733,653.856
14734,235.509
14735,370.075
14736,72.3867
14737,451.872
14738,1557.39
14739,633.371
14740,205.069
14741,56.9972
14742,96.4265
14743,403.054
14744,43.6638
14745,17.6677
14746,12.902
14747,18.3993
14748,2159.53
14749,170.032
14750,65.0894
14751,77.7553
14752,10.3454
14753,17.3526
14754,1835.37
14755,143.19
14756,9.14072
14757,57.8523
14758,14.4087
14759,85.919
14760,20.132
14761,79.9915
14762,49.6888
14763,100.188
14764,1930.33
14765,1299.75
14766,40.0643
14767,490.032
14768,42.9172
14769,9.14072
14770,449.818
14771,909.549
14772,365.88
14773,545.699
14774,9.14072
14775,83.6748
14776,151.885
14777,88.9237
14778,25.9633
14779,18.8622
14780,346.046
14781,150.913
14782,1085.31
14783,59.0003
14784,694.991
14785,26.705
14786,116.46
14787,21.8291
14788,9.14072
14789,859.144
14790,177.876
14791,232.291
14792,16.2602
14793,228.535
14794,174.295
14795,11.595
14796,428.159
14797,54.7846
14798,9.14072
14799,42.0512
14800,74.9142
14801,15.2875
14802,33.0139
14803,94.2582
14804,88.2197
14805,60.6002
14806,42.6076
14807,1463.2
14808,59.8502
14809,18.1667
14810,104.36
14811,46.3616
14812,33.443
14813,17.2382
14814,22.5964
14815,66.2412
14816,234.291
14817,116.461
14818,151.223
14819,687.606
14820,78.5511
14821,86.363
14822,60.1686
14823,55.8714
14824,159.158
14825,2263.09
14826,23.2854
14827,118.805
14828,188.209
14829,141.501
14830,35.6449
14831,18.0741
14832,84.9396
14833,14.7471
14834,3504.25
14835,70.2238
14836,13.3222
14837,63.6139
14838,354.877
14839,656.041
14840,56.4127
14841,58.2584
14842,9.14072
14843,85.0841
14844,970.102
14845,95.3152
14846,36.2598
14847,72.835
14848,81.0008
14849,57.8938
14850,115.572
14851,17.2218
14852,31.5962
14853,21.7144
14854,33.4602
14855,93.1914
14856,168.976
14857,874.524
14858,66.0511
14859,413.341
14860,285.814
14861,9.14072
14862,53.5809
14863,168.839
14864,207.501
14865,75.1631
14866,181.734
14867,292.78
14868,14.2163
14869,9.14072
14870,80.1867
14871,354.328
14872,226.996
14873,229.718
14874,100.627
14875,59.6109
14876,23.0139
14877,92.5975
14878,20.4505
14879,199.561
14880,43.7308
14881,22.8117
14882,52.4888
14883,574.797
14884,929.505
14885,90.6115
14886,125.543
14887,136.651
14888,9.14072
14889,72.7936
14890,29.244
14891,38.7352
14892,69.842
14893,71.3877
14894,1558.2
14895,9.14072
14896,198.581
14897,90.3395
14898,24.3762
14899,178.184
14900,11.7661
14901,60.3128
14902,54.1281
14903,9.14072
14904,44.7475
14905,69.9986
14906,379.788
14907,9.14072
14908,60.1944
14909,16.8599
14910,93.6028
14911,20.7625
14912,17.9226
14913,38.1073
14914,74.6292
14915,86.9849
14916,738.318
14917,605.118
14918,22.4596
14919,71.2193
14920,138.163
14921,1958.03
14922,50.1081
14923,90.2805
14924,2145.09
14925,13.0917
14926,754.645
14927,85.7334
14928,42.9295
14929,190.656
14930,9.53543
14931,29.1962
14932,14.2012
14933,399.468
14934,19.0327
14935,50.6106
14936,14.7507
14937,46.6712
14938,767.029
14939,346.124
14940,375.201
14941,43.0978
14942,138.026
14943,45.9844
14944,250.261
14945,91.1242
14946,41.2321
14947,56.7496
14948,131.093
14949,811.57
14950,54.5888
14951,47.6277
14952,243.741
14953,30.4311
14954,1146.51
14955,17.1356
14956,9.99616
14957,35.2774
14958,93.9605
14959,659.531
14960,85.033
14961,33.1097
14962,48.3309
14963,31.8004
14964,57.2424
14965,33.0028
14966,105.8
14967,550.005
14968,216.97
14969,76.5017
14970,189.544
14971,1538.47
14972,559.044
14973,68.9588
14974,22.7502
14975,26.4794
14976,2266.06
14977,35.4837
14978,1709.45
14979,632.568
14980,55.4929
14981,67.2463
14982,130.803
14983,920.896
14984,79.0746
14985,95.2121
14986,53.9854
14987,127.112
14988,31.5452
14989,25.4199
14990,235.741
14991,536.751
14992,28.4056
14993,946.183
14994,9.14072
14995,30.0608
14996,32.7039
14997,773.331
14998,73.2752
14999,123.741
15000,46.8663
15001,189.086
15002,28.4848
15003,453.843
15004,9.14072
15005,805.308
15006,9.14072
15007,14.3768
15008,48.0461
15009,867.553
15010,46.5355
15011,23.8408
15012,34.4371
15013,60.2296
15014,33.8889
15015,125.314
15016,38.14
15017,60.4947
15018,20.9874
15019,71.3849
15020,44.5673
15021,21.4914
15022,107.362
15023,58.3861
15024,63.0713
15025,32.3474
15026,30.1991
15027,71.4762
15028,32.5014
15029,364.553
15030,49.6816
15031,1961.99
15032,510.401
15033,37.9067
15034,124.271
15035,28.2791
15036,43.0062
15037,310.282
15038,24.6936
15039,189.017
15040,23.9927
15041,56.2427
15042,79.9141
15043,626.013
15044,89.5044
15045,59.2458
15046,211.82
15047,51.7397
15048,648.093
15049,54.0
15050,35.631
15051,552.66
15052,37.5346
15053,67.4362
15054,9.14072
15055,69.5209
15056,1137.32
15057,201.34
15058,717.95
15059,65.5939
15060,2743.93
15061,39.9966
15062,77.7722
15063,75.7183
15064,1106.0
15065,303.784
15066,52.8659
15067,16.2153
15068,31.6709
15069,474.049
15070,25.6231
15071,41.1428
15072,306.8
15073,134.706
15074,161.935
15075,55.5783
15076,382.795
15077,13.3168
15078,535.731
15079,102.774
15080,57.1247
15081,315.325
15082,18.2361
15083,223.008
15084,171.74
15085,27.4332
15086,59.8042
15087,103.128
15088,13.3211
15089,77.4754
15090,20.7157
15091,25.16
15092,2713.56
15093,291.399
15094,45.6049
15095,402.24
15096,38.8096
15097,294.975
15098,80.6934
15099,1144.71
15100,327.94
15101,24.7831
15102,3290.78
15103,46.2563
15104,62.4648
15105,22.8679
15106,22.8948
15107,64.4257
15108,31.3941
15109,7.56855
15110,23.9516
15111,60.16
15112,489.884
15113,134.545
15114,57.7763
15115,103.226
15116,764.383
15117,31.0295
15118,144.878
15119,869.025
15120,86.7729
15121,38.6177
15122,40.6068
15123,413.389
15124,258.929
15125,7.32742
15126,78.0439
15127,43.2317
15128,231.854
15129,159.964
15130,84.6538
15131,1265.24
15132,1035.06
15133,15.5996
15134,66.1377
15135,28.4862
15136,40.5029
15137,94.2088
15138,36.8903
15139,12.9499
15140,78.7211
15141,148.641
15142,485.07
15143,60.0514
15144,52.4329
15145,16.155
15146,98.0036
15147,932.157
15148,68.151
15149,71.4492
15150,370.208
15151,350.535
15152,35.8559
15153,36.5954
15154,3259.66
15155,531.388
15156,111.336
15157,22.4637
15158,370.48
15159,229.159
15160,58.4955
15161,40.6797
15162,51.5785
15163,14.3932
15164,116.55
15165,26.1716
15166,142.682
15167,313.761
15168,81.1373
15169,169.271
15170,11.7836
15171,106.11
15172,1719.87
15173,353.511
15174,48.1443
15175,518.993
15176,8.83052
15177,21.3431
15178,219.354
15179,488.056
15180,49.9882
15181,40.7292
15182,59.6574
15183,54.0561
15184,223.877
15185,25.3706
15186,41.876
15187,101.415
15188,92.2494
15189,230.655
15190,101.175
15191,96.7046
15192,15.2612
15193,50.4724
15194,72.7861
15195,839.427
15196,16.9874
15197,20.7711
15198,48.1025
15199,19.0896
15200,93.0892
15201,81.6726
15202,117.38
15203,83.1498
15204,57.3966
15205,83.87
15206,94.145
15207,411.486
15208,63.3785
15209,62.5317
15210,31.0926
15211,938.85
15212,215.462
15213,64.2953
15214,16.4955
15215,38.3779
15216,35.3011
15217,61.0417
15218,70.1719
15219,11.2851
15220,529.514
15221,116.163
15222,85.3249
15223,1362.04
15224,51.1614
15225,28.1033
15226,1750.07
15227,51.3147
15228,32.6435
15229,53.9934
15230,136.272
15231,9.14072
15232,9.14072
15233,14.4229
15234,35.4823
15235,50.5229
15236,893.919
15237,61.3802
15238,112.531
15239,15.8305
15240,15.6389
15241,14.5693
15242,444.209
15243,73.1265
15244,42.7628
15245,337.651
15246,168.742
15247,183.772
15248,259.557
15249,26.2875
15250,1065.31
15251,18.9918
15252,93.1008
15253,605.444
15254,15.4989
15255,1121.4
15256,58.2779
15257,80.6867
15258,23.5804
15259,58.4886
15260,47.8963
15261,22.5263
15262,138.904
15263,58.0649
15264,222.975
15265,31.5012
15266,76.6784
15267,185.219
15268,43.2826
15269,132.559
15270,59.3524
15271,9.14072
15272,18.3028
15273,574.387
15274,29.0631
15275,39.4284
15276,201.27
15277,58.9483
15278,80.6348
15279,49.5374
15280,71.8743
15281,116.373
15282,26.9811
15283,15.9637
15284,49.2388
15285,27.9842
15286,40.7097
15287,192.156
15288,42.4067
15289,26.7365
15290,36.2471
15291,12.6429
15292,556.582
15293,90.216
15294,9.14072
15295,7.7832
15296,292.304
15297,287.024
15298,31.6246
15299,43.8319
15300,125.532
15301,13.0974
15302,13.6808
15303,74.4057
15304,222.321
15305,49.4328
15306,13.1783
15307,1452.11
15308,27.6552
15309,16.7588
15310,13.2109
15311,45.5973
15312,497.31
15313,590.397
15314,83.7413
15315,17.9761
15316,25.0305
15317,37.7316
15318,241.879
15319,44.485
15320,75.7578
15321,219.123
15322,237.576
15323,2882.86
15324,1202.88
15325,34.8021
15326,210.758
15327,23.9403
15328,47.0335
15329,2677.1
15330,29.1462
15331,60.8238
15332,41.2243
15333,14.9237
15334,65.2263
15335,280.72
15336,12.7695
15337,29.1195
15338,39.9313
15339,39.7544
15340,16.148
15341,17.0858
15342,64.3271
15343,19.933
15344,645.994
15345,41.206
15346,106.238
15347,242.131
15348,16.8149
15349,131.709
15350,24.8914
15351,772.331
15352,63.2683
15353,53.2245
15354,15.8347
15355,63.5026
15356,75.3671
15357,549.354
15358,89.9216
15359,24.9552
15360,9.14072
15361,75.7008
15362,48.3284
15363,518.424
15364,49.3327
15365,386.57
15366,130.505
15367,48.3168
15368,465.342
15369,34.3246
15370,12.3931
15371,793.874
15372,20.9395
15373,1357.9
15374,1748.99
15375,113.838
15376,111.443
15377,22.8403
15378,28.6109
15379,295.47
15380,1682.38
15381,287.395
15382,164.009
15383,207.921
15384,93.5833
15385,20.0886
15386,987.728
15387,53.2638
15388,15.5799
15389,27.6927
15390,32.4284
15391,25.42
15392,79.6552
15393,1024.28
15394,51.7147
15395,19.7081
15396,117.152
15397,32.6424
15398,15.4565
15399,79.2408
15400,909.809
15401,8.31059
15402,142.187
15403,44.8899
15404,748.359
15405,93.3847
15406,41.0149
15407,30.4596
15408,45.5202
15409,137.878
15410,77.639
15411,151.659
15412,359.478
15413,164.899
15414,59.5754
15415,27.3091
15416,20.6663
15417,86.8803
15418,12.4872
15419,48.6182
15420,7.73406
15421,570.801
15422,252.954
15423,19.5421
15424,19.6524
15425,76.5546
15426,47.5344
15427,15.2208
15428,40.169
15429,67.3104
15430,95.865
15431,88.3319
15432,167.98
15433,111.536
15434,39.6585
15435,46.5949
15436,2517.64
15437,11.6984
15438,84.462
15439,87.0838
15440,53.9614
15441,82.4903
15442,10.6365
15443,12.8145
15444,45.1261
15445,739.53
15446,1347.2
15447,624.967
15448,1639.67
15449,184.361
15450,100.845
15451,427.303
15452,49.2971
15453,74.4066
15454,16.862
15455,154.027
15456,41.3059
15457,162.869
15458,59.8479
15459,24.1065
15460,467.805
15461,91.3775
15462,12.3883
15463,193.658
15464,28.7019
15465,21.1094
15466,39.7621
15467,32.6259
15468,568.876
15469,747.433
15470,98.0527
15471,25.1651
15472,61.0543
15473,64.2105
15474,281.724
15475,23.2295
15476,95.6779
15477,92.7317
15478,33.4509
15479,72.2839
15480,41.2534
15481,2319.21
15482,30.1561
15483,55.5438
15484,430.942
15485,110.219
15486,575.606
15487,57.1616
15488,94.3069
15489,73.1276
15490,1480.27
15491,87.1905
15492,17.8649
15493,22.3678
15494,2961.61
15495,66.9325
15496,70.4715
15497,86.5197
15498,50.5618
15499,43.1924
15500,94.5207
15501,82.5307
15502,182.628
15503,79.2507
15504,31.7277
15505,488.566
15506,75.4353
15507,48.8044
15508,37.2295
15509,77.823
15510,21.5995
15511,7.64802
15512,22.4698
15513,43.2541
15514,29.9805
15515,14.2099
15516,81.4743
15517,257.666
15518,1084.9
15519,26.3279
15520,42.6946
15521,113.194
15522,32.0344
15523,44.5954
15524,809.357
15525,144.547
15526,62.7356
15527,59.2049
15528,73.5713
15529,59.2873
15530,9.14072
15531,304.237
15532,13.6703
15533,29.1605
15534,178.946
15535,125.744
15536,64.8027
15537,69.6661
15538,32.9606
15539,76.4885
15540,31.2406
15541,534.767
15542,9.07054
15543,34.316
15544,9.14072
15545,50.7868
15546,66.7195
15547,70.7275
15548,72.9926
15549,50.7029
15550,171.105
15551,65.5717
15552,23.6931
15553,113.973
15554,9.14072
15555,354.941
15556,38.8809
15557,341.845
15558,561.879
15559,634.195
15560,94.236
15561,88.6436
15562,481.15
15563,323.906
15564,199.772
15565,174.416
15566,275.049
15567,904.071
15568,25.7611
15569,208.306
15570,63.3267
15571,22.3415
15572,357.449
15573,152.405
15574,533.815
15575,9.14072
15576,62.7011
15577,270.078
15578,2102.47
15579,48.9441
15580,26.5513
15581,1944.82
15582,32.6967
15583,114.596
15584,153.391
15585,296.617
15586,1068.75
15587,1534.84
15588,56.9044
15589,38.663
15590,13.0478
15591,53.4762
15592,771.737
15593,38.5387
15594,92.1393
15595,302.646
15596,73.7404
15597,50.3786
15598,424.828
15599,45.4025
15600,342.301
15601,1057.13
15602,37.0031
15603,32.9959
15604,12.2271
15605,397.904
15606,57.19
15607,53.3157
15608,9.14072
15609,62.8828
15610,23.797
15611,62.4252
15612,1445.45
15613,11.7557
15614,42.232
15615,459.707
15616,275.697
15617,235.941
15618,235.313
15619,9.14072
15620,141.15
15621,651.254
15622,18.8436
15623,327.547
15624,29.2468
15625,108.778
15626,70.4393
15627,227.366
15628,67.0801
15629,399.428
15630,20.5406
15631,118.983
15632,101.765
15633,17.5261
15634,39.6736
15635,41.355
15636,58.9249
15637,32.0127
15638,319.107
15639,156.318
15640,115.318
15641,906.211
15642,48.861
15643,21.002
15644,64.623
15645,9.14072
15646,21.5263
15647,189.021
15648,14.8676
15649,36.0685
15650,42.4447
15651,117.082
15652,53.2188
15653,26.7462
15654,53.5671
15655,1456.05
15656,99.0574
15657,374.026
15658,306.669
15659,203.1
15660,82.1564
15661,217.587
15662,50.2896
15663,642.765
15664,92.7477
15665,89.1437
15666,17.7049
15667,361.685
15668,55.5865
15669,9.14072
15670,19.8023
15671,73.3099
15672,15.6446
15673,16.6566
15674,345.002
15675,8.6886
15676,509.233
15677,100.825
15678,32.6852
15679,60.9351
15680,133.285
15681,502.951
15682,33.2898
15683,17.7827
15684,120.224
15685,27.1939
15686,133.86
15687,493.855
15688,54.3513
15689,28.7836
15690,44.6798
15691,13.4021
15692,76.4786
15693,364.328
15694,332.948
15695,80.8696
15696,179.973
15697,920.723
15698,31.1126
15699,137.921
15700,50.2312
15701,17.1272
15702,38.9242
15703,55.3508
15704,36.617
15705,35.9453
15706,18.8918
15707,23.1613
15708,72.6943
15709,47.6303
15710,33.4932
15711,705.013
15712,21.7012
15713,560.14
15714,12.3917
15715,27.9717
15716,47.416
15717,86.3849
15718,27.3443
15719,32.0628
15720,636.474
15721,1778.52
15722,66.4818
15723,452.599
15724,45.3356
15725,45.36
15726,234.281
15727,51.7045
15728,66.8105
15729,151.465
15730,77.961
15731,45.0741
15732,26.6968
15733,122.374
15734,20.7211
15735,79.7629
15736,27.3887
15737,108.632
15738,33.9923
15739,43.0699
15740,90.7341
15741,531.199
15742,36.3098
15743,196.363
15744,66.6467
15745,47.5136
15746,809.883
15747,424.432
15748,9.14072
15749,652.946
15750,162.172
15751,376.958
15752,52.2357
15753,65.3698
15754,160.642
15755,65.929
15756,147.205
15757,748.393
15758,4019.58
15759,29.0361
15760,13.5724
15761,114.001
15762,18.6673
15763,30.5593
15764,80.4752
15765,85.0051
15766,341.304
15767,80.0366
15768,91.4884
15769,73.0461
15770,105.149
15771,353.952
15772,28.1426
15773,600.164
15774,461.314
15775,30.5877
15776,9.14072
15777,15.7203
15778,12.3463
15779,33.1142
15780,32.6307
15781,78.3132
15782,26.8752
15783,31.8961
15784,14.3756
15785,38.6043
15786,452.881
15787,253.522
15788,107.015
15789,55.1298
15790,9.14072
15791,74.5864
15792,126.349
15793,55.4401
15794,36.5853
15795,128.242
15796,42.7636
15797,209.503
15798,185.59
15799,79.8852
15800,281.111
15801,41.5446
15802,66.1589
15803,54.4653
15804,2430.4
15805,161.11
15806,480.404
15807,11.4157
15808,187.672
15809,7.41691
15810,946.755
15811,145.22
15812,28.6518
15813,28.1542
15814,406.699
15815,222.285
15816,28.8987
15817,75.7619
15818,63.5318
15819,131.923
15820,95.5508
15821,129.836
15822,37.0795
15823,73.9514
15824,439.709
15825,43.5386
15826,51.5479
15827,15.6623
15828,29.9007
15829,25.8367
15830,34.4766
15831,434.998
15832,120.554
15833,82.2711
15834,944.404
15835,192.0
15836,60.5489
15837,16.7421
15838,63.2962
15839,119.389
15840,1045.03
15841,43.2996
15842,55.2688
15843,403.85
15844,164.402
15845,78.7394
15846,113.446
15847,73.3561
15848,50.741
15849,94.3846
15850,50.2897
15851,65.165
15852,71.7635
15853,151.916
15854,735.976
15855,16.5828
15856,82.9428
15857,1010.18
15858,39.8254
15859,43.0303
15860,46.1406
15861,22.3388
15862,215.207
15863,62.9357
15864,176.302
15865,30.7678
15866,37.2359
15867,36.122
15868,83.3791
15869,25.6868
15870,357.045
15871,20.8502
15872,18.1549
15873,25.0329
15874,174.622
15875,16.1286
15876,120.96
15877,41.7747
15878,92.96
15879,103.184
15880,642.247
15881,30.5569
15882,2228.4
15883,66.3264
15884,396.791
15885,975.513
15886,23.8359
15887,1283.17
15888,92.8617
15889,28.313
15890,13.8718
15891,589.898
15892,63.8359
15893,354.234
15894,28.615
15895,43.4416
15896,3953.26
15897,124.522
15898,90.148
15899,10.5797
15900,416.274
15901,73.0803
15902,45.7891
15903,57.4499
15904,41.084
15905,14.0189
15906,59.5749
15907,79.1639
15908,11.855
15909,82.8368
15910,213.801
15911,322.174
15912,104.33
15913,958.384
15914,85.1473
15915,57.7941
15916,1599.69
15917,26.1343
15918,555.511
15919,7.79035
15920,48.0688
15921,811.794
15922,136.646
15923,81.3153
15924,482.509
15925,9.14072
15926,50.4853
15927,16.796
15928,706.464
15929,6.42069
15930,294.591
15931,31.1118
15932,21.8067
15933,48.4332
15934,742.159
15935,67.242
15936,96.638
15937,42.7127
15938,336.286
15939,24.5345
15940,75.2114
15941,33.559
15942,94.6468
15943,261.676
15944,93.1129
15945,610.68
15946,9.14072
15947,41.372
15948,104.485
15949,28.1372
15950,75.4823
15951,1040.46
15952,155.902
15953,36.1913
15954,111.62
15955,130.64
15956,360.293
15957,3410.74
15958,777.047
15959,1005.7
15960,26.3277
15961,110.145
15962,15.178
15963,443.446
15964,50.0084
15965,64.3067
15966,970.103
15967,24.097
15968,27.5148
15969,286.345
15970,393.678
15971,126.033
15972,76.5677
15973,303.908
15974,28.7998
15975,15.183
15976,802.009
15977,55.9653
15978,1456.98
15979,494.371
15980,143.331
15981,215.149
15982,13.6752
15983,186.79
15984,7.36249
15985,51.0889
15986,68.2285
15987,1160.31
15988,39.6878
15989,160.529
15990,405.418
15991,81.223
15992,2529.16
15993,58.4989
15994,88.3628
15995,23.5443
15996,673.108
15997,286.253
15998,65.7638
15999,42.0585
16000,9.14072
16001,1372.62
16002,21.7597
16003,161.484
16004,1695.4
16005,40.8398
16006,9.14072
16007,51.0843
16008,160.441
16009,81.5225
16010,381.858
16011,101.387
16012,44.4742
16013,652.914
16014,98.1671
16015,498.236
16016,22.6967
16017,32.2341
16018,22.8298
16019,115.102
16020,716.97
16021,41.1522
16022,9.14072
16023,167.764
16024,29.6994
16025,1247.08
16026,74.9639
16027,32.8451
16028,824.549
16029,44.2571
16030,30.6437
16031,66.0177
16032,31.813
16033,133.593
16034,13.583
16035,1249.23
16036,116.078
16037,440.719
16038,211.425
16039,48.4077
16040,31.5129
16041,79.8646
16042,38.6517
16043,78.4793
16044,23.8643
16045,89.808
16046,69.1257
16047,31.934
16048,60.9232
16049,31.7337
16050,70.4376
16051,40.9655
16052,119.107
16053,104.781
16054,14.4289
16055,38.053
16056,96.2654
16057,9.14072
16058,36.454
16059,153.498
16060,69.7495
16061,193.891
16062,100.108
16063,85.5488
16064,33.0116
16065,14.5604
16066,144.826
16067,100.738
16068,49.0462
16069,34.3727
16070,13.9507
16071,63.0708
16072,64.3661
16073,446.558
16074,60.7184
16075,2196.43
16076,380.308
16077,1092.05
16078,21.3682
16079,56.229
16080,74.4432
16081,455.036
16082,32.3335
16083,85.5007
16084,20.2371
16085,44.4173
16086,45.9375
16087,26.6918
16088,29.6074
16089,55.3719
16090,49.3387
16091,50.9485
16092,39.4026
16093,42.9512
16094,9.14072
16095,434.576
16096,107.287
16097,9.14072
16098,555.188
16099,609.6
16100,483.674
16101,370.4
16102,175.37
16103,137.057
16104,33.198
16105,9.14072
16106,83.2366
16107,86.6717
16108,70.5043
16109,524.321
16110,48.1163
16111,148.109
16112,659.627
16113,43.7668
16114,120.419
16115,55.2721
16116,594.072
16117,44.7601
16118,22.35
16119,357.479
16120,71.1959
16121,35.3855
16122,9.14072
16123,52.934
16124,204.161
16125,108.624
16126,77.4519
16127,26.6756
16128,40.3298
16129,35.6872
16130,193.178
16131,41.9863
16132,132.078
16133,68.0308
16134,61.0066
16135,64.0523
16136,16.1374
16137,72.3692
16138,35.974
16139,9.14072
16140,600.966
16141,261.495
16142,207.741
16143,68.3482
16144,105.343
16145,133.278
16146,21.4706
16147,78.8843
16148,414.585
16149,60.6385
16150,60.3158
16151,230.792
16152,71.4112
16153,230.193
16154,780.188
16155,88.9365
16156,20.3652
16157,86.7005
16158,44.73
16159,147.661
16160,19.6841
16161,32.4197
16162,7.58539
16163,329.168
16164,612.185
16165,7.85583
16166,71.7588
16167,1023.37
16168,160.856
16169,71.154
16170,101.603
16171,11.2485
16172,1094.63
16173,300.683
16174,365.64
16175,22.6844
16176,156.157
16177,1043.59
16178,51.5967
16179,9.14072
16180,909.289
16181,28.4101
16182,114.806
16183,700.33
16184,628.458
16185,358.618
16186,13.5896
16187,25.1231
16188,162.239
16189,69.8326
16190,58.9857
16191,1919.49
16192,459.864
16193,9.14072
16194,270.35
16195,101.958
16196,39.7934
16197,467.591
16198,172.459
16199,96.7058
16200,130.879
16201,168.315
16202,272.205
16203,646.337
16204,36.9656
16205,71.881
16206,63.6624
16207,150.45
16208,33.7263
16209,80.9503
16210,76.8241
16211,1431.69
16212,66.7389
16213,46.7756
16214,64.9917
16215,38.6622
16216,30.9658
16217,37.3102
16218,304.188
16219,38.6346
16220,1154.08
16221,528.471
16222,34.0739
16223,235.748
16224,8.30508
16225,18.1562
16226,107.863
16227,125.297
16228,29.3242
16229,106.381
16230,74.3165
16231,81.2053
16232,259.448
16233,159.522
16234,42.3811
16235,48.3416
16236,12.1795
16237,14.7001
16238,31.1408
16239,120.4
16240,687.499
16241,13.0761
16242,96.5316
16243,17.4505
16244,1045.99
16245,19.8694
16246,60.7843
16247,51.9059
16248,31.1704
16249,491.48
16250,23.1346
16251,18.6752
16252,90.2184
16253,351.486
16254,121.058
16255,28.0965
16256,51.4289
16257,99.5066
16258,62.2791
16259,99.965
16260,85.5471
16261,33.5554
16262,103.457
16263,9.14072
16264,43.8437
16265,6.98317
16266,82.2792
16267,21.4128
16268,356.056
16269,9.14072
16270,9.14072
16271,171.445
16272,31.5281
16273,22.578
16274,195.168
16275,51.4102
16276,59.3652
16277,95.8626
16278,466.793
16279,206.624
16280,41.9612
16281,12.4329
16282,89.9131
16283,7.87344
16284,114.1
16285,9.14072
16286,595.585
16287,62.8558
16288,42.391
16289,375.082
16290,33.1989
16291,43.7144
16292,1039.64
16293,73.9838
16294,48.551
16295,212.303
16296,2305.37
16297,84.2037
16298,486.119
16299,301.436
16300,66.7918
16301,862.232
16302,12.8248
16303,15.8221
16304,168.748
16305,9.14072
16306,9.14072
16307,289.585
16308,13.1961
16309,78.5193
16310,493.284
16311,809.872
16312,58.4074
16313,837.408
16314,34.0447
16315,48.9309
16316,928.983
16317,44.9732
16318,120.155
16319,332.121
16320,15.4602
16321,28.7894
16322,46.7364
16323,14.8842
16324,39.1038
16325,38.4726
16326,36.8033
16327,69.9275
16328,86.6217
16329,46.8745
16330,29.2089
16331,1110.7
16332,52.2873
16333,67.9664
16334,54.3854
16335,813.435
16336,802.127
16337,9.14072
16338,57.4336
16339,184.59
16340,74.218
16341,127.287
16342,532.249
16343,1487.73
16344,147.209
16345,21.2893
16346,67.9274
16347,1006.48
16348,466.831
16349,70.3043
16350,15.0248
16351,38.541
16352,244.221
16353,165.521
16354,172.59
16355,46.8678
16356,25.1736
16357,66.3791
16358,79.4728
16359,59.1429
16360,86.8933
16361,17.0392
16362,114.181
16363,7.95297
16364,28.1142
16365,37.026
16366,81.7454
16367,42.7723
16368,314.747
16369,751.507
16370,497.816
16371,433.172
16372,76.0451
16373,43.2862
16374,78.1635
16375,89.2408
16376,144.341
16377,9.14072
16378,15.391
16379,105.799
16380,277.342
16381,42.7394
16382,1001.67
16383,9.14072
16384,122.294
16385,20.2738
16386,354.793
16387,900.117
16388,568.566
16389,46.2286
16390,42.111
16391,7.30685
16392,57.1452
16393,63.2993
16394,95.3833
16395,50.2
16396,126.801
16397,1215.91
16398,40.861
16399,32.1342
16400,346.956
16401,36.0282
16402,18.692
16403,326.619
16404,127.598
16405,735.82
16406,39.6217
16407,20.6355
16408,310.661
16409,355.484
16410,148.554
16411,38.2128
16412,101.839
16413,19.3353
16414,160.059
16415,69.6078
16416,12.4396
16417,9.14072
16418,9.14072
16419,77.3638
16420,2651.68
16421,147.392
16422,63.5484
16423,109.759
16424,58.8423
16425,18.1058
16426,12.6762
16427,94.0571
16428,21.7115
16429,72.7812
16430,275.585
16431,209.08
16432,21.966
16433,69.9011
16434,2152.12
16435,41.9941
16436,57.2146
16437,9.14072
16438,596.538
16439,33.54
16440,481.461
16441,40.8875
16442,910.499
16443,288.813
16444,98.1963
16445,143.865
16446,9.14072
16447,38.1037
16448,63.9027
16449,580.546
16450,74.0883
16451,37.1364
16452,730.783
16453,484.045
16454,26.7111
16455,122.676
16456,56.9375
16457,32.0196
16458,1783.99
16459,36.8311
16460,42.8341
16461,39.6233
16462,18.9418
16463,14.2867
16464,82.5902
16465,998.867
16466,69.5119
16467,70.1506
16468,71.213
16469,15.5541
16470,22.9177
16471,95.0418
16472,50.0402
16473,18.4222
16474,148.317
16475,113.642
16476,37.4486
16477,9.14072
16478,58.6475
16479,9.14072
16480,1033.56
16481,19.7651
16482,383.831
16483,108.132
16484,48.2484
16485,166.635
16486,77.4926
16487,108.309
16488,974.894
16489,1114.14
16490,9.14072
16491,301.535
16492,98.4802
16493,54.2715
16494,29.1929
16495,85.0414
16496,69.8536
16497,9.14072
16498,12.7093
16499,25.4645
16500,320.655
16501,161.582
16502,997.654
16503,28.4689
16504,228.344
16505,685.463
16506,13.6799
16507,85.2642
16508,164.804
16509,22.8606
16510,13.4539
16511,24.5916
16512,58.641
16513,3198.8
16514,61.7672
16515,1000.99
16516,133.493
16517,260.454
16518,373.851
16519,14.2781
16520,232.995
16521,47.1523
16522,672.838
16523,349.647
16524,36.0862
16525,49.6004
16526,154.988
16527,387.845
16528,12.5832
16529,79.3012
16530,241.752
16531,46.6933
16532,424.975
16533,14.1405
16534,310.084
16535,106.41
16536,163.696
16537,75.5508
16538,63.7462
16539,64.9051
16540,89.9979
16541,254.552
16542,476.764
16543,196.53
16544,13.8423
16545,61.367
16546,222.186
16547,9.04489
16548,97.1567
16549,71.5613
16550,13.0382
16551,184.038
16552,22.0539
16553,411.422
16554,62.4363
16555,469.04
16556,180.763
16557,38.4843
16558,13.8984
16559,71.6614
16560,67.3324
16561,11.5159
16562,160.517
16563,60.3427
16564,53.8088
16565,9.14072
16566,54.9478
16567,23.6971
16568,112.415
16569,9.14072
16570,33.4363
16571,40.5184
16572,50.4618
16573,13.1914
16574,71.4895
16575,437.518
16576,75.0378
16577,86.7603
16578,99.1604
16579,9.14072
16580,47.2072
16581,3492.07
16582,182.882
16583,135.979
16584,94.1129
16585,170.87
16586,371.921
16587,54.848
16588,481.727
16589,63.1902
16590,68.0324
16591,21.8331
16592,195.967
16593,91.069
16594,966.302
16595,3058.29
16596,57.8383
16597,236.358
16598,94.6406
16599,189.007
16600,30.3671
16601,86.623
16602,26.3238
16603,335.009
16604,217.647
16605,18.2029
16606,32.3495
16607,34.8015
16608,35.9282
16609,64.2108
16610,65.5724
16611,61.874
16612,88.9872
16613,79.7956
16614,23.0521
16615,30.419
16616,173.011
16617,13.4915
16618,14.9118
16619,110.582
16620,1197.43
16621,43.699
16622,44.6743
16623,167.824
16624,62.3463
16625,248.22
16626,34.1188
16627,33.6493
16628,33.7094
16629,423.122
16630,96.2517
16631,240.059
16632,97.8905
16633,48.041
16634,75.6474
16635,27.1818
16636,169.163
16637,15.7201
16638,81.5157
16639,29.974
16640,771.336
16641,15.0912
16642,209.311
16643,4038.58
16644,179.097
16645,31.9495
16646,24.4069
16647,43.4576
16648,23.7918
16649,80.6082
16650,183.668
16651,14.0184
16652,80.0871
16653,50.2548
16654,22.7298
16655,39.4088
16656,336.07
16657,77.8554
16658,53.0406
16659,320.086
16660,33.9879
16661,74.6827
16662,1206.35
16663,33.9711
16664,40.2382
16665,688.239
16666,1946.66
16667,128.718
16668,229.841
16669,77.8514
16670,287.121
16671,12.7384
16672,50.7851
16673,542.034
16674,909.814
16675,73.648
16676,51.2217
16677,34.9339
16678,6.61074
16679,14.3463
16680,6.99822
16681,82.7727
16682,104.032
16683,25.9242
16684,17.4122
16685,38.5884
16686,185.484
16687,98.8124
16688,114.159
16689,31.0124
16690,17.1009
16691,7.20985
16692,400.449
16693,90.0952
16694,68.5212
16695,32.3635
16696,14.5818
16697,216.953
16698,30.1947
16699,961.61
16700,375.757
16701,8.67319
16702,9.14072
16703,46.6033
16704,215.352
16705,103.334
16706,62.0536
16707,69.4418
16708,85.476
16709,901.333
16710,351.504
16711,16.0696
16712,31.5264
16713,39.8629
16714,11.421
16715,135.321
16716,9.14072
16717,80.7295
16718,64.2205
16719,62.7818
16720,19.2994
16721,75.1444
16722,7.31725
16723,14.5168
16724,26.4899
16725,63.9461
16726,37.1214
16727,9.14072
16728,674.091
16729,58.3342
16730,12.8244
16731,13.4829
16732,62.0486
16733,63.4123
16734,9.14072
16735,64.863
16736,950.514
16737,202.634
16738,14.561
16739,211.903
16740,12.4206
16741,37.5493
16742,1580.46
16743,30.2598
16744,1654.0
16745,904.553
16746,29.8814
16747,59.1008
16748,58.275
16749,13.4565
16750,9.14072
16751,640.305
16752,172.745
16753,19.5332
16754,392.034
16755,46.189
16756,212.267
16757,72.9435
16758,72.9934
16759,59.0388
16760,370.027
16761,73.6618
16762,591.445
16763,43.7273
16764,26.4101
16765,50.3443
16766,41.3477
16767,84.6735
16768,64.9285
16769,925.741
16770,196.253
16771,54.1127
16772,25.9614
16773,1000.18
16774,63.8659
16775,15.2352
16776,63.6742
16777,28.9611
16778,39.2444
16779,64.65
16780,17.2456
16781,96.8506
16782,24.2775
16783,484.198
16784,96.4857
16785,14.4975
16786,73.748
16787,81.6141
16788,86.8265
16789,33.7545
16790,585.909
16791,94.2607
16792,149.412
16793,109.626
16794,96.3948
16795,81.2055
16796,162.0
16797,109.346
16798,225.039
16799,65.5672
16800,12.2682
16801,163.033
16802,24.906
16803,9.14072
16804,1588.89
16805,443.384
16806,166.785
16807,62.8075
16808,37.746
16809,59.6066
16810,91.6022
16811,204.04
16812,49.7432
16813,25.1518
16814,9.01313
16815,388.324
16816,9.14072
16817,60.284
16818,31.1368
16819,16.6443
16820,14.1666
16821,86.0634
16822,78.6145
16823,335.687
16824,10.7965
16825,81.2645
16826,51.0617
16827,856.366
16828,397.257
16829,51.0983
16830,34.2811
16831,24.4432
16832,91.3378
16833,36.7398
16834,41.4609
16835,22.4656
16836,6.56075
16837,34.753
16838,1202.98
16839,27.6998
16840,110.076
16841,43.6962
16842,29.4163
16843,19.3075
16844,105.616
16845,82.8326
16846,150.916
16847,65.4045
16848,44.8203
16849,86.271
16850,19.4611
16851,13.399
16852,1314.02
16853,44.4493
16854,7.16958
16855,122.269
16856,128.061
16857,358.89
16858,251.015
16859,815.445
16860,12.7322
16861,1669.62
16862,10.7205
16863,17.3549
16864,52.0396
16865,57.6832
16866,670.019
16867,40.9495
16868,112.285
16869,128.01
16870,267.97
16871,44.0089
16872,70.6854
16873,26.1741
16874,69.93
16875,65.2385
16876,18.8134
16877,115.142
16878,216.786
16879,39.0412
16880,205.544
16881,35.2416
16882,213.94
16883,1153.61
16884,423.5
16885,550.816
16886,51.4441
16887,6.23261
16888,72.4273
16889,21.6842
16890,25.2533
16891,9.14072
16892,33.6724
16893,9.14072
16894,9.14072
16895,67.3514
16896,18.7815
16897,97.331
16898,67.4135
16899,936.415
16900,35.4572
16901,80.4165
16902,236.565
16903,124.301
16904,267.706
16905,357.322
16906,21.1639
16907,27.4957
16908,24.5005
16909,13.517
16910,18.8128
16911,35.1404
16912,36.5945
16913,56.0723
16914,74.4262
16915,18.4487
16916,122.322
16917,69.3478
16918,164.626
16919,390.735
16920,415.838
16921,92.452
16922,1059.69
16923,61.9284
16924,50.1811
16925,13.2906
16926,512.844
16927,768.565
16928,44.787
16929,215.104
16930,1430.04
16931,104.616
16932,40.2525
16933,156.21
16934,344.361
16935,48.2652
16936,616.319
16937,55.7949
16938,1734.34
16939,29.6153
16940,12.8594
16941,96.6298
16942,166.029
16943,216.288
16944,892.456
16945,577.686
16946,88.5086
16947,116.177
16948,57.7132
16949,50.9364
16950,34.3033
16951,9.14072
16952,96.5715
16953,28.9218
16954,49.4286
16955,12.3981
16956,46.2799
16957,9.14072
16958,16.9036
16959,9.72536
16960,86.393
16961,46.1618
16962,43.516
16963,221.065
16964,125.558
16965,118.833
16966,52.372
16967,1400.44
16968,52.1193
16969,1981.47
16970,77.1981
16971,23.8264
16972,32.1691
16973,16.5448
16974,365.506
16975,71.9669
16976,523.751
16977,9.14072
16978,43.9468
16979,29.7895
16980,9.14072
16981,73.0066
16982,35.8279
16983,107.797
16984,105.17
16985,26.1658
16986,43.8378
16987,76.6999
16988,9.14072
16989,62.5123
16990,76.7365
16991,73.0574
16992,13.4689
16993,47.9127
16994,14.4277
16995,124.161
16996,1094.09
16997,394.185
16998,539.825
16999,138.811
17000,52.5661
17001,12.6438
17002,693.998
17003,42.4314
17004,17.3462
17005,8.10698
17006,33.0837
17007,89.0203
17008,407.82
17009,59.1576
17010,1335.82
17011,127.821
17012,47.5289
17013,90.884
17014,594.991
17015,16.5509
17016,53.5834
17017,65.8823
17018,992.549
17019,1843.64
17020,143.742
17021,64.3343
17022,105.119
17023,2107.72
17024,338.055
17025,21.807
17026,512.727
17027,385.6
17028,160.226
17029,28.4825
17030,73.1907
17031,16.72
17032,17.0855
17033,327.703
17034,503.288
17035,227.494
17036,30.0851
17037,1217.7
17038,73.9025
17039,172.91
17040,133.688
17041,43.8305
17042,103.594
17043,29.3796
17044,29.2128
17045,15.4654
17046,1399.77
17047,17.5962
17048,173.154
17049,63.886
17050,12.6844
17051,355.24
17052,428.813
17053,68.4393
17054,301.711
17055,923.53
17056,155.737
17057,53.2577
17058,51.9665
17059,37.5447
17060,49.0197
17061,60.2914
17062,135.684
17063,27.7194
17064,9.14072
17065,61.7706
17066,14.822
17067,156.333
17068,70.7597
17069,9.14072
17070,64.3882
17071,400.932
17072,90.6303
17073,74.6985
17074,9.14072
17075,31.7176
17076,29.3721
17077,17.2529
17078,1432.6
17079,111.708
17080,6.30323
17081,90.9033
17082,30.3094
17083,73.833
17084,55.6287
17085,51.2977
17086,13.5019
17087,226.786
17088,27.1118
17089,13.6926
17090,3156.13
17091,428.389
17092,37.2622
17093,39.7438
17094,7.04482
17095,28.1803
17096,13.1245
17097,314.388
17098,52.1332
17099,38.0067
17100,51.8959
17101,19.5234
17102,1407.04
17103,54.7945
17104,147.036
17105,44.8491
17106,116.576
17107,331.852
17108,40.7415
17109,1079.34
17110,41.1117
17111,371.632
17112,44.1512
17113,168.027
17114,243.283
17115,197.575
17116,88.7379
17117,17.382
17118,75.7072
17119,350.094
17120,5.78985
17121,118.663
17122,32.5852
17123,17.3235
17124,9.14072
17125,64.3291
17126,55.4568
17127,580.554
17128,162.701
17129,164.575
17130,327.892
17131,52.6954
17132,208.909
17133,73.9961
17134,25.6841
17135,2188.07
17136,357.082
17137,65.6565
17138,37.4712
17139,2206.85
17140,38.0267
17141,130.245
17142,17.7789
17143,81.6898
17144,38.5601
17145,23.7335
17146,59.5632
17147,19.9776
17148,13.406
17149,37.0112
17150,597.941
17151,95.9084
17152,20.5773
17153,46.9912
17154,30.802
17155,36.3317
17156,189.624
17157,153.521
17158,2419.93
17159,9.14072
17160,78.9173
17161,71.1493
17162,112.401
17163,4044.51
17164,249.28
17165,127.59
17166,57.9033
17167,40.5791
17168,73.9723
17169,58.8016
17170,13.327
17171,237.256
17172,56.0273
17173,14.3848
17174,24.7078
17175,77.5853
17176,1337.66
17177,84.0803
17178,46.3163
17179,48.8979
17180,381.783
17181,47.0048
17182,626.018
17183,91.4863
17184,84.6062
17185,102.777
17186,44.4623
17187,109.438
17188,17.94
17189,26.3781
17190,9.14072
17191,57.3922
17192,13.8409
17193,72.4246
17194,10.3479
17195,1237.23
17196,782.844
17197,44.6824
17198,76.5034
17199,97.4099
17200,13.0028
17201,22.0194
17202,123.458
17203,1177.92
17204,2162.16
17205,17.9014
17206,69.3417
17207,41.3972
17208,189.367
17209,29.7334
17210,9.14072
17211,158.324
17212,73.4665
17213,77.0226
17214,27.1114
17215,87.4893
17216,127.206
17217,406.663
17218,35.7263
17219,83.7924
17220,38.1011
17221,10.1109
17222,76.2651
17223,78.0849
17224,108.32
17225,73.0305
17226,32.4373
17227,302.967
17228,24.5553
17229,306.173
17230,28.3539
17231,24.5467
17232,50.1856
17233,14.575
17234,85.2288
17235,76.3688
17236,48.6384
17237,168.743
17238,752.528
17239,59.9692
17240,9.14072
17241,21.6657
17242,39.2308
17243,1990.1
17244,158.942
17245,93.448
17246,2155.82
17247,22.0484
17248,239.909
17249,40.3351
17250,270.712
17251,15.6625
17252,313.74
17253,8.56708
17254,52.5382
17255,57.2105
17256,81.7059
17257,24.8181
17258,578.407
17259,79.8974
17260,169.374
17261,46.5313
17262,363.786
17263,185.703
17264,50.6629
17265,18.9929
17266,895.653
17267,9.14072
17268,951.812
17269,21.6776
17270,542.879
17271,52.7015
17272,123.413
17273,154.258
17274,16.3816
17275,66.0466
17276,2625.37
17277,77.4285
17278,82.012
17279,31.9126
17280,85.4639
17281,32.511
17282,519.325
17283,381.035
17284,53.4371
17285,44.4126
17286,48.86
17287,33.5738
17288,34.4929
17289,62.4849
17290,312.499
17291,41.7397
17292,26.6788
17293,13.7441
17294,38.3962
17295,175.611
17296,59.4361
17297,86.1028
17298,154.042
17299,23.7317
17300,39.1729
17301,745.143
17302,710.435
17303,24.0633
17304,215.073
17305,643.511
17306,126.622
17307,273.097
17308,19.4202
17309,398.601
17310,128.803
17311,36.8782
17312,35.2236
17313,652.095
17314,27.8961
17315,37.7688
17316,93.8225
17317,118.875
17318,23.6929
17319,152.678
17320,893.679
17321,43.8816
17322,44.1615
17323,212.097
17324,390.116
17325,80.508
17326,87.3044
17327,134.657
17328,111.29
17329,515.382
17330,50.9364
17331,35.9035
17332,82.7176
17333,82.0952
17334,14.5844
17335,46.2999
17336,244.869
17337,50.6964
17338,40.7621
17339,551.869
17340,303.29
17341,25.0664
17342,84.0569
17343,40.2891
17344,252.403
17345,1102.4
17346,45.9817
17347,64.4361
17348,53.5865
17349,28.6582
17350,1651.92
17351,47.089
17352,229.326
17353,445.347
17354,608.943
17355,43.7944
17356,26.4092
17357,107.799
17358,31.8361
17359,11.2445
17360,23.6476
17361,33.5167
17362,919.019
17363,86.9841
17364,52.3968
17365,9.14072
17366,35.7621
17367,672.643
17368,140.451
17369,185.969
17370,11.7653
17371,129.084
17372,622.097
17373,20.9531
17374,30.4905
17375,45.4738
17376,168.194
17377,976.359
17378,202.561
17379,122.146
17380,41.4994
17381,328.755
17382,56.0846
17383,229.495
17384,1119.47
17385,40.5889
17386,476.938
17387,639.937
17388,443.114
17389,68.7571
17390,161.725
17391,384.771
17392,25.2817
17393,259.572
17394,837.346
17395,105.605
17396,52.9244
17397,70.8166
17398,27.0692
17399,101.417
17400,40.4768
17401,1290.93
17402,338.051
17403,139.639
17404,102.249
17405,25.3436
17406,183.615
17407,14.0088
17408,47.2399
17409,57.4667
17410,41.8018
17411,356.485
17412,85.3017
17413,56.5574
17414,33.4295
17415,320.545
17416,56.9953
17417,797.904
17418,35.5368
17419,561.231
17420,49.5451
17421,66.6538
17422,74.5291
17423,47.9592
17424,42.369
17425,25.3364
17426,9.14072
17427,344.005
17428,178.365
17429,29.772
17430,43.1355
17431,159.74
17432,862.826
17433,19.6105
17434,44.4928
17435,69.9416
17436,138.246
17437,56.5867
17438,30.6348
17439,172.753
17440,59.5585
